排名,标题,热度,链接
1,扎根中国大地赓续中华文脉厚植学术根基,,/l?e=300am4ZRlJzwOgnZB1FUWU1uiqQ1DmmwSNo%2BVGAcFlo5thB%2F3fv7fdNQdtYLOCV5LkTRNk7sJdhOZ1DJ7hSQmXs3f8dXXmDGDt0HW3h5V3vXpLX%2FyNHyddOi%2B1ao23TCf91wuiSiZn6lnauW2WUAWV3xcBrUkHx8RBJaG1oPXS1dVTBL%2FCc%2FAEtb%2Fq3Oj87XeF0GXrOKaUFtOcdfUIrf7YCUnqOrfUfkn2qDttsVNsoH7QzxbMtCVAPxS3W2yH2KEcYQs4kyPLz6nhJXzB1b3gXnPJr0M8klGdf4zsCNlfBjfoL8IvoZcEYCLRtRWvuCvio5y3V2Xhft6WCox4FDB3dabLuOPtkmYMpHdO%2FB7x4AzXiEHQZVBd7CDhcZnhHFobOqSj5yHGw7gPfQskmig%2FHZkRXZhzD1OmpnE7cq80O26MzG%2FBs6OjubJ%2BqhZ3Vx9P1BepJGnIPbMRL%2Bed9ROv0O7MJqs6IOMxCs22n5QfBq
2,外交部回应优衣库不用新疆棉,299.0万,/l?e=ad51PC3eosO1Dg8jBWckiGzH%2FPoQbQM9jpZkpDbAbd3a3p5sK2FMSwQHZupzli0Ikk9kVUBQyhcUXGRV%2B8N2AHh7PTqw%2BAeO8JeNYzm1PS%2FnoOUO%2Fk1Nilm1LOSNy7q0hXO%2BHhmB8YgV20pKnf%2BUwpVYYBTosX4e7kXCj2q0aWFHudgL5FaF3Mb7hPpYs6pSbdn5afE0GnZKFIWGFujEzpg8Bgn3ZfW1605UU3eMnhszeHWeHmIuAWJH0rdV3DgfqI0ZuJgfNZH30BfrTg9p5E1sXcyBF%2F1cmAND2DMyv82pl%2F9AFcSnZ%2BBdRHaznhPA4LYhqAwF1WWVGx7yVk4L7Unbfgsk0JzOZhE6icwsvdMTZGcaaNIy%2BcbVQAnVRIBHtOlSFMH%2B
3,春晚官博回复檀健次春晚相关,晚会 888700,/l?e=32a909PXgXTo5ii7Uj%2F9wTOfCxOTsKodV5O8cmtecf6D%2Byz%2BNLLqnqZjQPe8G8uoWJkidrkT7EWWOeF%2FpntYWvAxDyDBCczx4WLH3oiSFW1gP5sgPHlB0AO1MySMnbk4ekmPTxMc%2B4ZmmZA44lSIUGEZdGvuBbBPhiv%2BkTkGkc0ts12%2B6ZbdlYQSZcwWDOLRcTeQ3XTdbgBXwaVpPlfcnN%2F5hJFUzDO19BTGPzEnwV5u2nQoJWz0kwrGfomBOBUSlsMydGhjc1ZBA2PNabN23UkeUhvtonQYYqa7wrVMWk8r3OiXAOh5ii8KrAMg2rsDk%2BnfSfAJ7sN1Ej9W%2FWblrpovzr4FYSn7qASl2ItC68%2BgAFjGllghO2XOVEdzz9swVOsBfnct
4,43位志愿军烈士遗骸今日安葬,81.3万,/l?e=e187aZIdzxLwAto6PafwC1sayvx%2BqpZEW%2BhcWpjn%2BS34m7AtqLNRd4tszO6siARPb49FC2pVYvwp12ADbqeD1yJEwg%2FW1UTSmOFmuxIjWFj2nodUH%2FQo%2BmcHLQDBiGSLAcHb81vkpztwqwYdoOQkZ4Z5XziIR33JUzAAKWIdq46469iKzOld1N42K0amrgO56M7rzmSSmCJoOn0iaZEc0SVjTu4sASQGPt026Nm1HhIK3DVqoq5FZ%2FwJAJfK7oKcPPDWWyTW8iS7itvJZzed6KszWATDeF1iHaOPqHDhRLuapfrUM4T%2F69lHXlLTOocbClc7Bvyl%2FWn2yxOO4Gnsjdx2qZujlnl8%2Fg%2FiKEXo1fUbaChUg0UlGxM
5,韩安冉称do脸模板是赵露思,76.2万,/l?e=2cb9xM6askzwFXfN%2B5%2F9wAR3LMJ5kndUa88E3rbPEHiYxHqPwtaciOgL%2Bds6vnlQKmdI0lSg7OFCfI64kFK%2BfWjnwiieljTh0NUC41o%2B82oGI%2FFcR%2F66VIAOALOl9FqXFcWZmji5xN6Km7pZZbO6IBh%2FOQFA3aCs6AzNgpUYnjixj0C04keyJePW14GSf8xWAzMYmuEoPd64NNOSceZRaOfvY4qGXquYeXpG7H7bGXQPC%2FQ%2Bky2bIOl1b%2B0b1B8AJLtgXO%2FZwaP7NknOJi5UGkXqkwqzqY8IxGEHEIiLDx13bufXYFNVF5Sf99%2Bnb%2FHQpYclu2ywi2EsxrHH3HIxBKlB%2BX3%2Bmfd8YEw
6,巴黎世家售出8天后要顾客补1147元,66.9万,/l?e=b9b1VuL3NMTNVpAm1Ph4UwEvwbIcurD0iSbYv8emFfoqjGBct22j07O57ETOU9x0NSsm3MPPpfO%2FTLt7jErSTCSV5Plh2JzGW%2BdESlBD6GrCjKhoqv1c7GPtMVw1rs5ow8a28sMdpwJNhAKwYum%2FULV3rmgUFpCtMcaclEEObcYibx2oZgHvSEv1AcEcJlxPnMkBaWgmBP5uLfpf7IDr8TEyqIU7zh%2FY42Qdsnn3exswAzO9Ix00a27QomsaslKVr3cvYR98oIBik5aF%2FT5wiZ8yCbufOnIwbfRIV1Dt2PLXk5AIc4WlpEwn8Neg6VerBlKE17x1L3KiQABnKvRVnVEz%2F6xF%2Fz0zLP1JFCdkYtiiCJZDlEMrRC6Jxz%2Fg%2FiqfE%2F29AHFHi60W8Nw
7,印政府还在用被封杀4年的中国APP,41.4万,/l?e=358f%2F%2Fg7ay8elqhvnoj8A5dtlnGr%2F7Pr836QJ3WBF1EXGrtcmTSvlEHywXJKbW6QwgtFdkvAA9r2PnF2%2FO6NtGUb8Jbu7j6IQDwTnHQAx4PEHsjVV7e1%2F2svkUFOLihb072rf5lwgpDhxb%2FFDBab%2Br7e5kcAtLxrJ0%2FHPA0huT4b5YsNXf%2FucS4MCvFiS6uLWaILHxBisP7OHb7nllzYZV9HSin7jF8iQhqRsY2G9t%2B0OPXIETxQJo1F1s9R%2FPIoGRDVMnF0wevwgcstQCAU1Wr8%2Blkd0f3lGPn570AUXuPteb0%2B5ID%2By7kCcwn6%2FXpjGIh7tts2FG3Mi2T3n0crhBgiOMIYdb0sJVtNuIyDZmotrDCHfveyIsDi9ZCsdmfiyXZgMrUEQfGX0w
8,星动剪刀手养成日记,,/l?e=04cbSpGykjnoN4SvekxIqtvO4%2BvPRWwjds99qtvZcthfq2v6URq%2F0bdWZVheXMOeooIugip7NEaXkxTDwz%2Bfllu%2BebxXbylSr3Y0lbgy967uy%2B7CA5SV51bBZBC9uyIMUR49QYHYAj%2Bb3RUAKSvhxFB6kg9PeIZVY3Rdrb8dDqQcI%2FvBwx4hEap64WTPVW2KyIO6vy0AP0tUQW1ZK2ZTquoQ8ecya6ri4MDtTtaOpYnEZIuXpCfamIhizZ6xJBU8jl%2BUtIxKK%2Fp31cUMvUFOCmbzq3fnT%2FDA83VHB5CTb5HUrPRi3DpZAzf4
9,鹿晗回应喝多了,41.3万,/l?e=a703fIFpIQaEgg9YWOP%2BZdfVZaHTKgTLqVXp3DbO6ZXQjV5OOkHpZObuCxSTUPFMAMrp%2FT6jDU2KfJp4Sd%2F2mxB0Oyv15pIlyZBVT4QMgij6amsHGqACojUXbPasprqsZMjYP5dcFWKe0jsRRrzER7LiVv6N7YsQqIOG20iFGFjWMRvaqpbbm%2BfI%2F%2Fuvs8m6550Y95IvoiROJ1OS0VzwXFBS%2FcKul5t1HPviJPFViUAY4Bdw9%2FGb%2Bqo%2FgzLUzxzNHp0t4SiuPfnF2S5k
10,蛇年春晚标识有什么寓意,综艺 411590,/l?e=83f8wm8zgTWKK21PfAHPSbHW1lt6sDnDp7JpBPxf22SvO%2BWEepypWbIyRpXINLt2XQxg9AsG3r4ACD59h6kxMgeCcts%2BrUSSVYMxaobX3hhDxQWa5Iiy%2BqoqkwM%2Bb6a2m8f5QEAJtzECmLulNpp9Ni5bSVJO4wtfct3bL2kGqHtfe7Wirr5YVzw%2BZvJFumKLGOqbZ9zjlFgtZJT799jQnGmNt2DXhiX2U84onDrZVdUUd%2Fv02HNlOmoBL9XUmkX8q41jFPc14ujadNduaUlc4TYoG6lyzQpRFKqzDjXIZKsvTNy9PHdn0ettVuUmpAEjN5Ctj7A%2F5Wm7wFJoBwjv7TSVNAIKw73L
11,A股三大指数11月收红,40.9万,/l?e=c4145LvpK9X4Y4QGVL6Oh%2BPMGmwvpBuuBPs63nZ%2FKs8jNgRGPVKOnDUOzPYfgiCe0W7OQ430mL9oMB%2Ba2c0cSjxn6he0CII8jndYRwXC7qPRqspbyzC1E6hxoKdT6WJzwt5zgA95uw%2F%2BaM7zNaXOG%2FNGkviJp0NXVejPDFurwjhSkIStdoIYRiZ%2BOkW9lmhwl%2F2PXNbvR2veHgPd5fx8gVtMpfTP%2BjNVb3X1ko7arFMzeoEJb492vw9dwWIWnyrY76PGS6xSUvXIYTa%2F8JbI6oYgC4SpDy7nZTJjsyra
12,韩国人的精致穷,40.6万,/l?e=44e2fcu11bPgkkTQumlaYGxYipbcvGWuoklgTXJv4i%2FqAC4bDE8rVcZ9J59GvDKWjHDh5snSF%2FUwIm4Ei8twQaC3Kk2wlOAcY4Hp96bjwqhPLE%2B1x9omP3gV8%2FV5LrZhTbDLySuNaZyWBVkLdsoq%2BEgJ36OhQ0aFpkM5orC3%2FxNa7MFVl3mFYmtqMCrycvIXtqx1XR47Hqm3%2Fd1%2FbBP0tV%2BVxuoMUGLxgWQHnK4IwSFqMzeeSQHgMVWYwuOh%2Fq9%2F67yqrDXWw%2F6GLF%2FV
13,17名男女KTV聚众吸毒被一锅端,39.7万,/l?e=2139NmstOtQGcj4KxF6eDZ0R8khWsiJvR8reMf2lg%2Bw7MlvU7aJ5gVaGy%2BrqnmlGUriv3lFFUoYGlbVj8cEEahZfyzRUdP9LpQcII%2BC2Zvg1XOX2xLJTOB%2FJAW3KLu0gy86ijkbj4dUbJOT9wKmSuXDuCc81TKCI4eTrB9DBincHzBhfVsLguE%2Fn6%2FCLzX%2BrkiY9mgjJctCAXd57XLY1nr3GZb4jgUDIhRy%2Flg1Uqs4JytC%2BmJ9UsgppT%2FdM8MBVfyNNANc54vTs0EzDvGO9my9pMlD%2BblX9VPDk4YHe0ePiUuboZIALt4srEnqbCZC73NSPrVC%2FFRugTqTLojoJsC4Y3O8RjIc6CZefw6w
14,鹿晗好拽,37.6万,/l?e=02b0%2Fx8L0UFo5SgCCfJoSE6yr4zzKZBEEdPiMDGhNmXw%2FUQBz0XFCi%2BB48SiicGr2CEzgSIunztyJowA2lTyjxdchEBekppRCCqqkhAeIw%2FGyWeWkLNQP%2BJ6njZjwxUZX%2FximdLniaspuHZI2MRdss5QZuIrZlL3Gbywqvd4P16jrgZPG0O3xmGE8Hkzegf4gKNDU6VyXCNB7w2tbA%2BO
15,再见爱人4第七期视频没了,综艺 334653,/l?e=26766LIb1ceUYJiKmgYgSqDgAJwm8ml%2FKLIVqaajp7B0tMhel%2F7AfK6Rn3i2ux2GNgWsX99LxorsS8%2FvFHPUcxQL%2F%2FcgF6IwEjxd7UWLv85kAsds42IwAlprxc4uEIyYTz501ucLX8bZhTRMxepHIKdQrW0LlBSHbYdq4fr1ESGxFlfiPTHSJG0oYBk9JPYhsgd4KroLjv%2B8GoEryequgCnX7bqjTkeKtaErUwUjgaujfHGZPOg8JMKqRNYNjlJ1a6xv3W8SEa6mAFPj68l5dZy7kH4MOdgh5w0AhOBKDFyr7sOFKCuR8CntB%2BdOmn6PxI7fusamP0nnsezu0Yn%2FNacITH%2F41I%2FGuQ
16,导致胃癌的6个高危因素,33.2万,/l?e=4640IFgynOjpYk2jjgcvGelcZJvCju3oDx3hX6BK%2Bhvq67e%2FdBCQhPowEw0kKZA8BIwTgi56O0TdL97qKD9MuKkMyrOu478jxsaHHT7bltejMA0oCPRXdQvXUQdWjCbCdPfAUdhdV6Bkftf2mak43NhYp5vCqhIflridH2s5SraJfvB66rStlvOlI556998qR31d%2F1xQvVNAyiFJBS%2BiEGRToknx%2FeWG%2B3FZ4P38fzEIT1CDpwsAi0HwFs873wVwiAPaHE60RFTxHmRIwtkMw8F0KUl%2FnvqrTLzj5Wk2hBJTOSdIaZmx7PKL7YZ4P8f0jpMP9DczW8biHg
17,黄雅琼回应郑思维退出国际赛场,30.2万,/l?e=ec77eCZzoOxhrvTy97IkbdR6n3ULsckHzZP4m8I3KCN9fJDbLcIEDZbUiffYEVXxPOqXINPakH7LXtxft1LR3MUxJu%2FgmGxSeyCzo5ahin5h%2FhDOnBVh8NKuIKmELHcbreJbNZdIj7arH4VBjGXG3LJteNmBA%2Bi2isslxQuiav75qyJC12%2BajnVXW3ItOTLLA91UvWnwKjEbOVVex%2Bb6KYcJ0Ruxnn2O5f6CaxveXOCE1y67Re3ru1oFdHdjYhipMcPjplnDvHBiNDucTaQb%2BA6VjP6h8mHb31kkeUnCWrJxQM1N4VPU%2FxfqVd4yPuznCOwwzWQiCS%2BehaHucKgl4bxaPThFXvnfFXk64%2BcU8LfFxgYDJEEgc%2FAR9SkIBwUjlbnV5OdN2tIriUtvx11YUB0wqejz
18,美国女子抱婴儿袭警母女都被射杀,23.6万,/l?e=ac6aVcB%2Bwzf18GihcaAaKKqiiJBmlxUAu0eEYGZUyUCarYAEi8l6YxCoGW5RsfQR2IkymdiGRHt3i0FTl6xZ3%2FZqP9jvzX7sD4Cue%2Fv%2B91jhiYuW5RE8gL8yvz4HPesJvDKAeCpwu5YAOqQICkl6wQJQrU4WC9fZ8QOaBgEgG3tSGGoTG0nChJSr%2FOEqO3qn99Qhl9CcBn2WfTvrECnukW38vAVRA0bkxIZpkm7E%2FmxX4w2t5A2xkCh2X%2Bjl%2BsLt%2BYZD3HxmeD1TOHF363EIxtuuV9cdoU8rBD2EIftrNYGwq%2Fboi8N8EVV3VyZ0bstB%2Fig99W3C7gahDat31pa7p4sVcs19ZIC%2BPZ2bFdK0Z6z8xfgosLX999SZBiO4wY1xnQT2VA6tCI%2BttJaNHEh8NKVA7q1ODxRgR6g7VD1BMR9qqDxS
19,官方公布冷藏车厢内8人窒息死亡详情,23.2万,/l?e=3466Q3efGNWUGsJjd2fH2KmQc8z8YxmWRlZTd8wztJPqdl4LNt%2BtuxpbtSmGfjX3td01L7IPBGfeycSTq3ysoyvY5gN9mGNpV8h%2BmERFXT07kBuoIueQF4MwKm1yCRKwagbgqikm6r8LYmqHGgRvxhQH56EKdWRrkuYvJcHVpYXRxNPMfC8v%2BrJOqKmh2lYqrUFlChRIjMMx94oKvDVCx4Vgp2D4hY0HwBiQ6dBB0cedyCQwWc1gTG08wIk8O3m1aBQbjhMDt0HwgIGqiiBLGcPzMlihQyhX9ctUix80K3b5sZbDKKPWgbcx9pBLhlU%2FyN8gEvjjjZ9NRmjrdTsp6XlPUckFyOenkMTAffa3hswc1fZ7yUZTxU%2B5Ng4gyduGX%2FlP3ziU7DkZufjAR2cQrIm358x60e0ElSQZy5txf7gBTnj%2B9%2F4uk9Psvdz%2Fm4v2kuG%2Frg
20,蛇年春晚看九命相柳,晚会 229738,/l?e=c4bfN8GQnuFwAqBHIvExCRwHwDtoHjSDEbBZMx3u%2FWmAX7fMIGQ2aec%2BrwEo6HnipDShmG0J2j8HMFXr7KX%2FTxrlfWn%2FLz7XchnLG6cABL8IFUI4P4TxlZIusPJT2v5y7Uzi95ZSWJ4KZyxHp9Xqr6PKgRxvtmNjX1iDnYZyAQlXd4doKyKQVG2DoM3OpTOsmRiVScqkutB2Q7mC2OTtn%2FUmPhsjzT9%2FsP6K4eygeuO1FrVW7%2Fy9jq3CRkdAdmSXl2pfi7R0vAXTzYA3qtnS9mP5nKd32At979G4bdNm7GH%2BJFa%2BrgPiy61P
21,张婧仪眉骨阴影,22.3万,/l?e=f18cjtaYgwUHU6SZYdeTyqG9BtQoJh84Dt8ewQ3GfxGEZLaCk1i8k20dq7dGLdL4qsBotaEvFHHYSM12qR0ylwlOH8x3QQVmRRsmVlUAyyMJXgu5EjHUw3Q3dF8xchgCNHdu%2BhpPq6TG%2FXEe3Z5Y%2F8RHpzMcrnV4XU3H95uQPYhQDEMo1sSKMURFi%2FTeCPDjLKl7SoV%2BohF6NzVS1GHS2ZPs6fMcYqBGYohZtzh81PIoaNRsKyTD3BzmvaOqvD28s5g%2BBOfQQkeL%2FY9n
22,打游戏一直稳是什么体验,22.1万,/l?e=8c6eV4YFqGQu7zkpmIMsZqdf0l40cWmESAksQEp08BwDsEGfW2KogI6yMduVkZPCuqmnKCZL1CjJE54ds4TBtx00mVPlEO0WB8%2FHsbBfdIe65lhRD7NIiGrgtuqVrlP0Xw4iVkJ%2FXJG%2Bo1lqUgmgQz6Wl23PdH%2Fjtv92rnfXqCXX4%2Fpjnb1R1p62T6wh9AUnarAhNSnM50FVXwoHo6NTHjni4eeUp220iqu1VSKxMZabfDtm1h4ExA6a%2Bsx0zY%2FwVHMbIPG6WuieoK0iMabUadQDqwqLhzdaeYCZ6RcWsBvLe2Xh6qb9HPz2P1v0D6Rfrckif17AEFRHvj%2BThXWlHQk0pdOlMzxc
23,中国游客在马尔代夫潜水遭鲨鱼咬头,21.5万,/l?e=1831MMOgBFYCtAtpGcjbmDZBU%2BklDGMcRQiIa1eQq9ta3BIbwmxJ2nzoVVSOF8pPhf2iK%2Fdr5qZ61t9yCwBEJMJP1s063zE2av46kAejxTRGp1nwlS%2BCVoVAJaGuJdD2ccEL4IrRFOKPBBPCTBAlM23zYEerrhPqWvRoZfHPrQ2PTcNZkkWLj14TfcbAOKupVmaijm5Yxa%2B55MUN2Gr0xP0jBNCK4eErosYn9zkWiDRwVt607LYPrjnMgtb%2B1DZy6Y8vMiVgxOaTNx8KEKH76hiQJ4dEVh4xelWfyXVdpsXvaCgwidUPfrTCQA9AFEEvDkYD%2FA%2FOLhp0OkRk%2BU%2F1%2B8zlVDnrDPYvCiOynEX4Hw3qA3GtAp0Vp%2Bg8be8KagXw59srbQZJNg5qjxiucXfOZECZ6t4OZ534spjpXW0trNFLz%2FCfQ4ALoU62U873upSnUE0h
24,周密把周芯竹买话筒的钱转给她了,20.9万,/l?e=677cSoSLyeQDFlH7sfK4Nrfep%2Bnvlq1CHtMgWk%2FC37CyNcmKcECQm9mh%2FfkQ1XXrG669JU0MXxy1VE2WtfOxkKQaajqf6LlGRpMwS24y6E07D2JsQN0Sui5wB1RYsXp8Z9IYviuHQ0vSQV4vbZu%2FceY%2Bxst4faq3%2BJLCHlzDbu1T21cwbK5yjkHj1VTFFwx%2BU8Qn9qSdf6CL0EEB39mqm7HdIZ%2BFNJBuX1424R9TEmMkSbwXCDvrFfu4Xb%2FM%2F9HBZCbawLyfT9EcgkhSVMf9OSEeEukLlAzeFtiimRzokK464VOCt8XSBi2ooWAGpA%2FJSqMTbPWUFOKNqY%2BpJQvNT8ujctgSxlDfP0MzoO5Da0JSf%2B6Qiif88alFVk%2BcBCFZzI34FgRj7CZ%2BJK%2FpC3uezVNnzEQmCGpwWwVDz%2FuNsvR%2Bio1l
25,冯绍峰接想想放学回家,20.8万,/l?e=d37deU7Sj6HHoVJDJv0cqaCyfg6WZKnbgK961WSoJYxJGFYYVH5C8EgtTBLZmMNeZBiAYVjMRxAiXPkfZTLaW6ZTkvp7S8vmKqUqCrLxIPnA4GjUHMSoH0HB34O82IuYuychtD65es9a%2FXBOnt9EFjSxAs14hvCsDiU1rR2dgkyQO8ZiZPQq6BcVwHj2PASmwm%2F3tFUqBYhFLfz3TLj%2FOLhk7aqWmLteF1lHuf9WoDmXcL%2BOmMNty6z1uNfHR71%2FrfjXtEeRqudlJYsGgM8TjrmQaulZQRy13rmOhzDsQe7%2BN%2FqTkwnBTf%2BZPVLZymI4Amr5p5lhvEUn
26,林一长沙活动取消,20.1万,/l?e=5bcbHnmqmTz5OndE5Rx9yVgMIWXL2HA%2BWEeWmk7pmzBQ9k3wXl6BPh0U1g9Faux%2FjWmd29JcqnqesB6nog3lTjJZlijjCiHbWgJLEvp2VikndsHFj1F1Ui3my3vIR%2BR3ScQkYsTB0471UxT1qzEuCXAvq33TtBYjeTy47NtkmbGZZBzb2qMbmoqGELetKlYDAroKUFxvq7MPYxuLM4aIDulDDsa35I%2FMgVXLGRBiTJ674oTXF%2BgwG8yvFjIuvzh56bhkpIn2%2BYelvaaIZl4zJdvp4F1IuKdZmcFv
27,郑思维回复樊振东祝你我都一樊风顺,19.6万,/l?e=8775wsyfeA0%2BkE%2BMYbxkIxeDmha6ClOGGfAIRDtJ6i%2Brmq08TuehAoRJhC71Ps6V8YopzNOEKFNnvhdI0Ql6ix4h%2Fl8e0o1B9WkLULVBepwLyhhZJm5ngcUiLWAS8UNeM2HyvM7k1RiD9nINsyVrQgcWQ8dUWk9zbD%2BR%2BKZJ%2B4hsWrfP7EK9WPLcVqbxkT1NMCUi3Xfyurc4VDzpKpOVZbWVDc7Rz%2F6ychdl%2BWhQ8yhPF1g1VzJAwAfMUsEr0d29eWV%2FyaI8VDrKZi7NWaq3SStnmyuc1ueC7C66uiQcsoC7VTRcTexqOpGB%2FMU%2BBGpFaUGU%2Bk9Fx4nFBSbr6g9s%2BwEj2iUqRhdDVAl%2BZgq9M2yzuqjpj7Q%2FXqUdcUJg0jB7fSokHLxABKldOKv6II3mMjjuI6GOGBc93CfwJMIqp2ru3aCHWLVBDtY9qi2NzNSVRjyl
28,安以轩老公被判处13年有期徒刑,19.3万,/l?e=4c1139EQeBXCxvF4cm39thsLzGv27xwymUsefbf0NpA7ElNpaR5KbLKS%2B%2F%2FVpNz%2Bo7ZusM8%2BzOd69%2BOe9Xq45hFyyg30WH%2Bgou5ZNnUTFlrMxhfhDkDjquwFA15tbMaEug21fcA%2FonpucThzEBeXzjOePtSj2g6tC52bI7Eqz7OhVduAQUkm%2BKLYLb5c5m%2BADolQJkWrtG3W%2BlPQfqGAx2jGP6dHBc9mMP%2FOTqxrJ80g9bMmslsFTIx3eANSK3vSMugKGnWFEy8MuV7N4Dpr80T8WrmiQbOI3YzXOwQuFLcDhxxXkf%2BjczcmK%2FzAURDKLLOvcbRqnRP4jBwQzBNngSMRwNwu8fALzRhRkyWRMCrojuYmnGb6adVa2fLldtKrOF3yltGeGkU
29,女子在中医诊所遭性侵医生被刑拘,18.8万,/l?e=a927Cg2EVbkTvnXPge54FtE1eLZGd2ghJRRuvA5k8C4wGBMx6ar%2F1P%2Fvw56i0f4grwrcQxocX1j6W4j7sWAyVzKMKl%2BY0IN%2B3if%2F5LMi5cxEqn41LoAX50JMzcPenQXnQZF8PxczuTVPu3o4kJv8%2BIvNViYXYwK%2B%2F9%2FPl0OHSsuswq65f0i2YwueDmvy3MoKDSZuUxyWEJFaNY7Dsf32xBxge3zg%2Bqm3PxBJr943hY02cDrjQDupQYZCesAkqi2jIvaKE10hpAQcwJ4vtLihG2BjNh3rEE8HoxNAOFo8qlfoSBVIIn3N9R5sRrJN%2F20txlY31%2FdPL1vt7PISUeLMkg8rnuqQCZsYItBUdebjxhdk8s95a%2F%2BrqcX84UesO3%2FiC%2FANoYQHAvhYhppiEsm7n51u9YUKNetuTsQgs3RXPMeZqHcW
30,蛇年春晚官宣,晚会 175129,/l?e=e419bUgFf3eLTaTQdV48YaiCEWygIV3niiEhtqAG31Y0IRqkW8No%2F3j74lWkWWs7MSTvnraX7nJc%2FELkqFZp1CdcbUT8fEwf8f00%2Fx0KW1SdJ9ugScvg3Kv9e3zIkINXimMaqeYIptkL0YVvXe6%2BrMDkITSVCvGlPtMy4vYHW2XIuBQxU9y9NxFyT4XL92TLaK31ELBJ3QzJ4vSsKWJV3uxQRvYsHjHlHwKn1ssTWjXPv8KQJvXHbd4bMYqs
31,郑思维说我在杭州等你,17.4万,/l?e=3726VIVijZDHn6Sr5zg4sgEg7JnwUIHAwIOJWarrkhhY%2Bj2hoTTsj%2Bihe5ZiMVYoKown77eB4Tk1gT%2B6hGmIRwVSxPZCRJ8BaABmEs3Ow8ny6I550Jbo70EblD%2BVkq5KbCHksx%2FiM9jati2Ki1HDYc92dB5P6mlpM0L9QU0UJM0lrsJeZTdPJmXjPrWDLEugAGymRjevK%2FF5JHah8PFbFh1vnLYpz2WMAurtoPa5omRPoBje5hBQ1m8pGeoKKkuYsKETbhRlXFmGi1Uqk4HjGjmf%2BGRC3%2FlLp%2FJ731GcmBSmNGOunRLlgPzzcl9K5%2F%2B8CBLYOXsHeqRM
32,王源头像P了个新帽子,17.3万,/l?e=4b307YgtHiCGMk0%2BiBzt9CvVmQsFOn4qWPnDdezPDhhYlpRW4klkuIPgwWgfHzVSd%2FjRavDNxyEh%2BdFDz7kuyq9U5xpyDfSXB78OlDSPhaz62Cp4utUJqLex%2Bo1I5cYi7pA1Z4FVsULd2PSXoKhcD0YnzTgOsBAHpSh1Nbjam2lTNPVWeq%2Fz1eCdfJpEAZOk3qaxalLmaggXmp2%2FkgsF9BFEIvsJHsDW9pAWq70D4omaUWkoZvOsHdbCo1I3B6zyFSOttadTNiCIxf%2FjAUhsyqbiAX2CgcWKOzHWo0t6x1nzH5JuN8k2zEw6wA
33,为什么刑侦剧多在东北拍,16.9万,/l?e=4cadHKScbn7uSl36UOKrJV1Iq6ew%2FjFBV1s6BYAZaMZxJm5fcT4soWpqgPW0%2BivcsSr1kwwU8QZoMl7o6ARZV0GwlpUHmw%2Fxn6G41Z6P7%2BOMMhnD%2FstZdYqqGi6XDF3t4gU%2F6SJsbmtXKK1gPVoxUX%2BtafQ3sUDU6L9rS16n8meq4YJHSpWf%2FSVyJmNXtdnx1pJs7gyivGx5kfSYBQBhghkBsPCGPZxqhRxXl7ZMmXPhG9WelLpUew4PdjaJeJQ%2BzydycJifIKJn5Krfp1q4yDpb7eWlxEF9qCxrFcT6p4Q%2FFKdWpT81XGceMpL%2FhfeKprLhCNjftNxY3ymFo1BdOL1Hk%2Fd7XyTg
34,iQOONeo10双芯战神,16.8万,/l?e=0cd9MLXhu906a%2BbBhOavsDAXBcig5vu%2FQhZg54s%2FFxzD1Ys0OoEHxH2Lqd%2Bch9J8hPVHA0k%2Bf36NYqk7cQU8Mxa1GwufYStGgPiKp%2BfPtINJKf0ZE7mDPP0MWTrJ01QzImFsOntSVYLX5%2FY1nLLRLN1auSdN9fnHlY7gDWYV6tCYz9PxLbyPJyodunlNvBCg7LxACzgAJkaf3yR37daYqllxuDQQpOSE
35,辅警因为一次好奇9年后救了一条命,16.8万,/l?e=7045v4ooVxcFgP7HOKf%2FFdtBB%2FAS2l1yh%2FMxLW8lcrrZZ5Lydwfgj88GXv7v4xMeROYNK8E4892Ye6si5oaSxPqzrjzqBgzltWCn0c6d9eqIGzbfmWV2XTOadaCNaaKoWcg3QS%2FGPHGahxJqERLGO0FsSdYV94Z6qUMjc52tJyAN58Yi5krIXZBYQpxGWK%2BSf9kHrQWiGt9NGkgTlfPyhpS4Yh89XInv0sSrnA076PI%2BmkhM6%2Fkua%2BYFGWUsxOnT1ap9QiT941I%2FRqJXMfZrUjO2QJPHadYU4bQTtv%2FAhIml0J08EQAK2I1NgLaypkwu%2FZaSsFs6KKwqAca3xTi7n7gEjdKW5bEofCh2RfHyY4Ip4dIfcs48DPh8VAP8b1PHwnpN3liCItNxu7yIUT2OzCbL9uCgtQUP7bc31RAJNyP0A5Ssrg
36,年轻人买的水果半数是情感商品,14.2万,/l?e=1129qxH3IwiIrYH0RMBoK%2B3%2BbRRFjRrFSngCE9G5YGdquRHRsJkIPdgYyn27phS5OkE3XDwcSYY4SpoYc7CV%2FAdvdMa%2Ffrg%2FibvYEAd8F1sfJ6CTJTDfTevjtvxBKqlWodLyQK%2BUJb8c73j41Tn0mm%2FTg7keK8c8aAnXIQNMUEsbakns1CpDCQG7gMcQBoTJSEi7s34wsamQpm%2BSaN9s7OzfG1Wb6Y%2BizkYeAk1ylFgBqxcyJ2%2FgUha2OQcH6yAJDy2gUhc3N327iuB9fdNnUdVwmiolW6qNhGA61MkPHOpJjZT1JQW8hnzs20U25dJdmFL4G95KO7Jhj7Wjppc68R50iMcvPgG47gS2pYAvfJ3Af66eUdIE9fb6j%2Fwk6dLVHBeoQMi5P768XNUAabbhAnlhWeIT
37,周翊然周放一搭嫂弟二搭姑侄,14.2万,/l?e=172a3a6RLBGwi2LKO0yyfep1TMqm1jxcDY5zV0NsyCBo1wzZj4kquSLmlrMZGeYt2DFndVRkivdNU8NhuKLXoAvot0Z6I0lVmtTm837INfijT8ttk75HZFJgK8Zl7oP4ifwAfyUUXPyDlZBjC5N6uzg5vOD3tRs9CAOeoKl4NlcDRb0Hm7OQAx4Ixyho%2BQIJOthLS7DGQaVTHH%2B75Lyl%2FNZB%2BNr2iAnI70kH1Dgmfp2gIewbsbaMtIPM%2BU1TTsTJcg0Jv%2Bdwl1H0sUnMTk5nOG8fNP%2BNjwHk26qXVNKr0GKwTIrRt4IW9vToIXBYQ8KQIrwS4tsYcHnbRqjlvcBWl9Ox%2FB%2FMfRMHwGRque9bO9YeoyTE9ohSJSRTwZp9l0A6vSg1Q1bT
38,优衣库客服已读不回,13.8万,/l?e=c0abKC4pzGsyALejVcgo6lmoM5JsmJ2NX0nMvOsHIG%2FybgJVaEMo0Z6uboJPLXMSGsHr0fR2i2Yj%2BGlrfJKjPNcGlLsXqVuLVNtI5hHbtGNELyyM0a5dQvuW5hxsmKFcOgVq%2F6b41st%2FmhKFGa1j0G1vEHl2v5dI0PkSdFXQ%2FOF17hv81jZ7udsHFNNxnaw5OaoBSS88Nulxu55b0EWKOpttDqWN1n8QF3lkBJyZoH76jOE3v9GOBvFn%2FxpchhqdkrqecXtmkKpy8%2FFlgKaHSOjgQ1lSgVzz7RCe9Au%2BvFWIgF2nAEyWJtdk
39,国产剧奇葩婆婆又出新款了,剧集 133301,/l?e=59d6FBavSaeiYYLW89WxY7Q6JOYE8oMXRNeyhcgDOukFG%2BRAsmIRc1mtsGVLMzWaL7GTqFyNM667o8aDzTrQGp%2FfbJTqP6EI%2BoZyAaFGyIAFtB3RTGSq7SnKn8aSy7ermK5lOEFZLF9EWzA1Bk%2Bkbg2vtuhosIZ85pOE827ySuTqaQ5t3gg81eIYqckBnjm55y3ev8ztd3cHZ%2FzREDmy592N96APObXOtnhyQ0eB%2B28X2FHamM2nfVKlf%2Bg%2FZPRjQkXp0m66TRXWfTbaLQp4pQhqSa9wEWujD24HcPBbvNKrPtBoLHYGDOooAOBuP0DCNfR85xPwiasskAu6apjKxPk%2FSQujI8KJa84oVPNEu%2BR3qv4qI73F
40,丁禹兮看人深情是因为六百度近视,综艺 132684,/l?e=549e6v5oIKwvXFgUQQ5L8q%2Fj4QxBj1nm4k6dsP64IxcSKNJl%2FPu2eYdDH6kFZaur%2BGLgEVTZpP9H3ogOWN94dK8p9o3j9JJtBelAO20AJkYiQMJgjkOU0ytdXsEVxtt0HYsAP8kzHaZzec3%2FuKTPQsYmH%2BB6EDBP0%2FTEqXp5%2BS%2FoTgd7%2FqtDi4OzAPDzqrk8nt1cI9UT8r3OAbybZx%2FKc83sVZ%2FlhhIrbUY8pOY8D6wip18mOLGeOkUjr4kok3K%2FZEL2bApP9%2Bzr1OuCQzagxoYXE2IP9uJFZnIbUvQhLC8aZ554cJfdHRBwJ5IbrxwIy93bd1BOzqkGZ9jZQkOrOUA%2Bx%2FMJaPT68L37IkRDCTIoICtzQXEvb91JDOUc3pIVhUQaB083as67nH19W6CPfe7YAMwxnxzd38elznWsrxgBr69%2B
41,樊振东对郑思维说风正一帆悬,13.1万,/l?e=34d5FHTf%2Bjd36bjaBDrbFcmp7741oft2%2BXiGMqRIf0rvL2TyQ2qoeFhhCVfpMIpYx5%2F9zQIZxrW1TnxFkx656SnReYeMv4%2F285kKjsjo5e1zDX1uTjXChYSkeKxhUMCutBshcjh%2Fwi%2FdfoOGwo03sazV4p1zUcnJbvGGuv8NETBQTseifEWjEHVXlLU8nBM3OrgO1XZSRcYVHgYOTm7qNR8k%2Bw84e%2F%2FROMk%2BFQ8h8txrVqbYEAzdf0GsQuoCN6G7nM%2F6rusnStsUx8JS0sdQpLJNEcauxF2EqZRx84KTGXtrp30fdXWrieWR63JT6l5tm93Suud0OfXOkYdrNQ98R2c%2FqbeSs8SIVTXuB6bUxeFOR82rrHLZQ%2BclX7g2aKY1nO8xTFiN
42,TES官宣Meiko离队,12.9万,/l?e=b8c04Guav1F1bhRxB7DPBuYiqBRuIsQTJA6XW0dQqCDbVHa64kC7I4ZG4ZtesDj%2F281Z6i90AP8kpnId5M3CXJRWpXzFQhA7GuLddhbfGM%2BCA6AzkDDiMZsMdT7zg2%2B%2FT85rox2lyEYgegXpHerioVQ62iB7wY%2FLz%2FLlVipFc0Sa9zUxpSgsNKiCZFEc5Zx84MbjDhqzqP4Uf%2B5ChmqL%2FMreScFsLpE
43,王楠女儿落选国乒少年集训队,12.7万,/l?e=c523Q7e%2FawkeU%2Fi4%2B5f%2BTU1U3DDGjRxXF5SVKwSYSECDbYxFb9keIwWU1Cq5kpK9YFd9yx%2B0YjMG%2Bk%2FtPoeIAvvtI8GR5rUpBTgknR9%2BEACGIUTIWnvM%2BkauqodnJ84bIqNaed6naC6KIXvoBmlE85hET8gWySf5Z9Zd9W%2BEIaKsNdG%2BrT8XQqHzhybu2gxAnIMSBqMMVWXzMvDjrSOUDWtZUATmPj1zCUyxYXDO%2BV7q5ARHKUAD67ASlJWytGiZP%2BDH%2BiJFbnoiTIcYy6YiJfDHa5TImRcafzXO0zGScEt%2F8t8jxV8EFvgYtrM5sdQT7LQeiumVrpkprmiVsRRBMm%2FOvtV%2F77MaSUYPNGkcH09jIIb3HxkDE7m1zatSPkUdireW%2FHNB
44,优衣库在华业绩下滑,12.6万,/l?e=7b04vsAmEdEWsQbhe%2FSRBCH67Fk3wuKIMXWxJuCcIWIAB49MWUJXRmMX%2FjQxc8xuILC%2FDSMvgcOVsToSrS5qK5fEzuZW8cPcmdxSPXKCrOWpsYXiLhh3CL5vFeaxHlg9VZ25Ms6XQIdznyqrtk%2BbJLTm77zTF4yriGrleGHEYzJZ7wmteoakcoPTrHY9WTXE53d%2BSOnxui3ZOlVSz4x7f8aLln4SHrsDlKoXf%2Fi9aZPnfjwxB37nOfPvWUuT%2FWA7loUYBqqYNACDM6W0nThC%2BCvbddGTJoyBTAGzr0yNDoED4OOHOcbC2ZzH
45,侵华日军日记曝光南京大屠杀新证,12.6万,/l?e=e5c7HodFO3Qvv3Uv8B9Hn%2B74FH2JSQq19n2giTvKWkjwZQYpBdyG4YMNijk7SRSSSzKnLTPe3DIys3425Iw%2Fe%2BKODHvLbR6GFkPwdvEsxdXO3ZyvgqfVgnHwyovG2c55uqqcbwzSdAT83lbMz83I8NS%2BipKtakU0Ckki%2B%2BIg7%2F5snwOYPBpl58LOZOimAeiV5TSwWoWXZXW6O60VZF931jrDxF1pU6gqGNIMP3eBM5Qg2kv2Gq4AlYGCCwmGI55wNYuKSWsxF53x4f48PoTjpfRBtOAQBY4KU4bNJ9t1vf2e2Dlt7Z6GMwluszR%2FTbRyeaW0VwXEFLoDQxlyt6AsrmlSft9pKEULsggRZcQPZt5jTeVqKCaXoEeTDhoSrnqaTcQ43Dx7oWJq93n5bpMSaf1OoylIc%2B9e8q61l0M%2BhMDGtrWZ
46,奥斯卡宁荣荣 新还珠格格,剧集 123615,/l?e=9365UT59Eeg1kea6PuDYb6blHNiUVvoFwqhIxDSaq8dv3zjHNKNZQWYnzD1DDiXtL6s%2BvxIYRO8DLTcZot%2Bu2OqVaCxlLzSYEVYqtTHxT5QHCOHlKU5MkVMJv1bpiW5MjAz13Yz9WGFhjBbQTIhtjCfYNis9%2BaVnyBcMhQ7hXrybEFL3D8X%2Btsn0XHI71wZBbfwJCaRWB3gVatdIDXVL7bcc5rpQ4hjtJmlShakPQ1jw5MluqdP2hOVU7DanS4BzyEW1IEJ88JikinXdeQY2Er6fT5OR3FHazQc9zzyZsdThKqZDlO7DR%2FitIVZpevBIfeQ8qn%2BDX5W%2BDWjmywKVDlBGJiCM6mYQ15gK
47,你家的筷子多久没换了,12.0万,/l?e=0864V6o%2BrKsItiikDLszK7rpTCWVIeEaHTLeyukqcR5bB7MHkYM7u2vtPwveVcIpOWnDfV3YVSbJpWqEA9UaTEanyrCOBLMuqiaEbqF%2B5sZRdLtKHJbEBDKY8VWf%2FXunX0xYUn6297lixNlQepP2NtAPq696oF9qDhLO%2B5zEolUQEDLNsv8M7kwvigRgnecLqWb%2FG6bOiKoCyi0gmR4fxMSEoNVrj8ahqaqZ5Kqy2KdqyF9sMv7Q%2Fea%2BW48b2eSdXtiE3m7kye4KQkjxCS1eLKHaZdG7eorDMStXOWADSKXZLjf9Lv0O0Smcvc5TzpA%2Fb5rHKQDoGMw7
48,珠海户籍居民可一周去一次澳门,11.8万,/l?e=28d9lNTsZuxktXJSlv%2Bshh3z2BeA2NiCql9mlHphCVJiTyG%2F63eX3p8BVLLale%2BuwNYpZbCVseyyX4V1nMfwBcQ1wkHClT%2FXzQtb5igPmaDuWUzZCv%2BKNmsD44LF8OQdgBea27nrq7EiQk%2BKo6MtW9Hy1BaS9Raa%2FYoivI6PCAokUTrw7dmaj2LS53hRuAWJlga41svfdqWmPDkZvGo1yrPQuGTCbLV1XnCphMQaBtHRVaEIm6x%2FOfwplkAgye5qbi2iZBZQp4ji0woKV9M3gDQJqplbVVAxsi8gWsZxw8RNqeDicY5TRK8ovVXTYOSvmSjGMa9mJInAS5aQ4ZlMXMlPI61bGvwpMMkmR5B8sSHC24Fxq00mW2F2rQEalMiSoJED1%2FovWYsj1dxJ7IBEnqe9PNOl
49,杨子黄圣依 人设,综艺 110717,/l?e=32bapJfd1FFLJC9VA6xM3ureg5kGYawPscQAp%2BgO040H3xn0yV2vZzeSmOEXR%2FMun1I4wTIfof1kDEMDzszewXSWs9w0ZfZdCHnXyXnz6E%2FhLrwJHC9Pn4wPjo9BC3e8iZjc%2BmtlcT%2Bzotj72GdjqRCgBR4Njifu%2FSluINcqF76agfaF%2B8ysTeM1ee33OH1XDJVbWuFyS2O3Rb0xukL00OYDZCxc5HEBT3ZNSG1NS4lMproXgSAnRPwvOA3xNXn6wutS7Qy6bAOGwVDfJKV7
50,澳网亚太区外卡赛,11.0万,/l?e=9e9b4T6aCf4%2FZ98UCNgldyTe2Xceb%2B07QWcUquQc%2BcDM%2FX3Fps5ZLkniqMp%2BCjOxnps49s8lLF7qFw%2FbGTrZg%2FzPtzOrQJy3hDdlKaMskTCJEZx6fgnt6dEyUD%2FH6mMRGQinu6G53eMm%2BWpOIqBCwzoSJEgt9GLNmwpBlWqKuafKaBFhCi6eVBQ1bEzG7QkejkqGSRRTBuLHZ0UX18oa3WQUuc8TVUD%2FauQE6mLskAK488GERtcU9mUnZnes9q%2BqqP28w3P%2BbjQenioWWBD4fceMF5F6l6np8guG
51,儿媳控告公婆未经允许在客厅安监控,10.9万,/l?e=d0892CtOFtr4jJgEWenUiut5gyDCzn3JdLX11eqgURBXhKbJbRIuR9RlrLbeiTSxfFHeY1qafRiV4V%2BZCARlMS7qsUwXDNR3s5TyqHsjkXkKW3RHqWzOIo2eVNe3IwV%2BID5iTuNtGBUl4sGWw77azDzi36U2mpV96MJc5vSWr1kd5tICedtC%2FXFyY%2BvWoebH%2Bpq2V2A2zXSMWrnmjPcL0SliDsAK0hFm1SuReBdbEEBJqIa2lRcHTqAKp4wxvfFg6R6%2F4ghnP0kvSpB56qls8nslIrsF9EluSR3ADiStxATVa9v2o0tLF82QaNaATGQRc4sgEgwwF5VFyhXC2wlIIfzSYb62Qli8TvIxDwLWFOlO8hVaI41na9BoZU4rik191rSFWdXD%2BMGztXBWGBdhK4w%2F32zgZZizxx4J6huwdRxplHS5M1Sb0XYAEfLDjJ7FaBRK
52,侵华日军日记描述南京尸体如山,10.9万,/l?e=7c56ioVzX9UiFXRzsk2%2FrD%2BBmSKwxeU%2B0bavWA%2FXpMV0FJ%2FmUOH95p0OkaZU6vojeFexyRkwv5ZqDpyOro3f61IxNuWYQwx2RM7b4NEmWBl%2FPSsBXqOyLcQjAET83PpZEA0HM%2BmIC1hUHdWmMJGYL5eGOlU4%2F2rGPj%2BEq4VoshnzCSlb%2BJF%2BJbsqekXuAlUVMQu0Hoele9a%2BM8gc2M%2Bb1Fn1cqxzPm5vU%2BT2A3yyXWTLBaeb9wg2jvVaFPh0q3oKmFnULg78in8ATcT3PNxaNxVHFoxZj%2BR4nGzUdW04mqtogvxcZ6M2X2f321Uuq7XFVASt4NeZUoRz1bsxEujmEjeIYZFKIobqXtuexnzFMpDWMSin7%2FbzvA4epBc5r4zFALATUBaQ8cfYYHgfWEFTCgFaEOt%2F
53,蛇年春晚看九命相柳,晚会 229738,/l?e=4812RvVkNnAGUskeNmD97XEa3tORNVrtv93y1orfSx6kkUdVAhLB3zR6b4Nk5mthZNPvOSOxZ4vlKs7KnXyzZrWqB5r8bxFHoR8Y7rBUIahGnbF4xIGZKEjtFz6GW1rU94o0VMBMlyPmjcGlnxuIwASYaqhueL8QUwzZQO%2Bc3F4mV94rTJploa1yWhzyAghSgAeEs6ydLyYPdJW53W805rHR32ujpQ%2FjBG6f7kl97OFjMVXalMEwTRpG5PQg3Y%2FcMB2yMvzYF28fEYYRe%2Fr%2FqVnBFj8Eq6JtJTE9ySLjFSCbHUExhD7gRMTR
54,张婧仪眉骨阴影,22.3万,/l?e=e1134YnE4MbAAwaTlzg700tklO5XF809V9cmeAhUUSyQWHIXEUpMXSzkQXiCW6sGv8Qi4UeNjzSod9kWm%2F%2BShhXmQtsD6rYLvCAxVHgmtG%2FI5%2FELSRetPq1xLEImJeAgaLkf8h8zXRMWh2yr6UYPdphvcF5MMtLYpeRkICWnBXT%2BVW60gGKIpLyJzHjgqGUMcjoqyLr%2F7TFX2RGaBxnbPpHZoafgQZS5n6NTm6p3xBKngpevcaD%2FhYdRZ1t9jBp32ugwQqzSgAx9N1bW
55,郑思维回复樊振东祝你我都一樊风顺,19.6万,/l?e=03f0Opt3zohFxZNJlb7AuX7XB1ITpHdT9HGpqaXkF750kChLY5sM%2BeeIxIbbUe3V7vn3OMBm5PrxoG%2F%2Fi%2Bh0%2BQGkWdkdyam09YHvLZmKf6LO1L%2F3uupP1xabXL%2FHlytlIKiyNcrH0gywUXWisKw66yjOtgR46BdWkPJgGiDBUeYgDWcolDAsCxo2n4i%2FwM0hlx0yr9CjLD62HSZHfy5HN4fq9LasjBXugNWM5UXr1zymXxX5QvbZeBKu9J%2BdJosG7CK5EIuk1CTXjZ1C%2BY2O0DIBg2EmfDDZc0ZCpBOx%2BTA0xY%2BP4P6HR4s%2FtBGZ%2F9MZN5Zn2Bs7VCBTF%2FdQY2FLBofSZK8zVQXqGeUIOmDV%2FELwZQbksjaFgJcQw9SDnbJ2UhjCzS9vtcxZ%2BsT8z3H8DG7w8VXy9sZfZjLnIUYJwuNYYriWAqnV%2B8a3RcjEmGMIemZF
56,安以轩老公被判处13年有期徒刑,19.3万,/l?e=91e2Sl8TGbGLp7Dg6PsnMZ6ANXxG%2FhcIgo0yfT7aWzo0ZV998aaoTtvykr%2BifxI1TxO1ebYH%2FEP7556wrfkYH7UEP3xG8bTfP2Tz0I135YhNzkHUQASZ%2FrF%2FDc2bFMEAt7WwGILHKc0u9Qgf%2FMC%2BFia7AFsXk25NC1c5ofdlhkjm6KZ%2F9bZM43nZGaAQFg2V9nC9xAFRoU4pZJjcngqhxtl%2BbyZ1U%2FWIye4D561qWzBMaXihg%2BFCQur45DFHqYDoja3OB2SwXIwL4OoPbzcKF5aEhGNTN2vY7vutZwGaCOBOq7%2BgI3FMkD15GELR7ToZg8eZ05n2I17%2FGiQASopRTKy79AbT%2FHTpLVyH4qNyXCBcG2782hH1%2B3PjxnFYbrg1XDlynoUxYSQ
57,iQOONeo10双芯战神,16.8万,/l?e=e44dmNm3SVtsTLGFPhtsR5DWZkOE1hjLbRHPHgwq7KV%2F3jAI4wK9Mp7KnPzJ%2BwU1OcCoaNZD5vb%2FuAfXJm5hIYaR0yRGJPZlv4039eGo3C%2Ft%2FZtj6PIhc9u2ebv0iU7h9TXn3SWnpdYnHmAfoDMRmwqAqQH6NIydVjG7ZWU5nb%2Bb72d0pMAALKtVkAqIy9Vdu3I8WonMX%2BGbKUxd0XEGO7VUdh8Gp35U
58,周翊然周放一搭嫂弟二搭姑侄,14.2万,/l?e=35d5GAqqx6ZSkk3S60JQ8hNkoVpN8CsZIMqGe9DedVo9S4HJSvqJOPcTyx1kxF1rJouy%2BKub%2FFuYtmXPbXroqWzpA99IzSez4R5SGbVReBvhH3UPWgMyy6Gc%2FxmclNg5L7iUdbpclW5IjrLdpDj%2FBDKmjyxF8jsl%2Fw36sasS2dDQLEcJeP8xdunmN9CY3bb2KcQzeQqpPn%2BdAZaCSLKQbuxX88A7Co5XJ38dygzNQ8X3AesGafJu2jnQeV%2BSwjJ0Z7SFyKLKwe7eJdN0z4mEQc8eDrPW6pXWOK8XtdVQ%2BEi9sGtP6WXbB5qLCfryYTP65c1iJKabgqwpDfmnAIQmrbrh6KNq8LYAGF46AIR1id9I746Nc3e5KMdUYntTlrRviVfRU%2FYD
59,优衣库客服已读不回,13.8万,/l?e=00e4oraf3DOy2ONnTvtqAf0e3k64gs1fHkKRewYu3w5qGNP36cbY9s9EaQW8Rqf%2FYlt7PQrQkJ5t%2FKyl0QG7V4wdKMdmOeenuz6pNdvTzAz2KHv9aMmWr95e7euX3ENYiqyUQByhEBp4PhyINluNw6f%2F3cf%2BRsKikq%2FCg64F883%2FxuyB22LQm%2FeUGE2HjUUeZhTJxOdZw5Tk77qtHsPa9P76akhr%2Bc0o03bHpjDqRRwE%2BISnaiBIK1MCoEE%2BNe7Wox5dkf%2FRb1c0O2Sq76lkTQSo2yWdXMP6wn9rU21apVQF0KPQQZ9lCR9R
60,樊振东对郑思维说风正一帆悬,13.1万,/l?e=77416jXuYSUYlDhFB2RW5lqwI%2B0FtawL3rLY%2BB%2BHJHHCipqT1d95wC686KE8QB4%2BtLkbvwrHmlG5Jv7lfYSce2qDPiheHD8tRuPsxYYs7%2BeIyL2Wo3HW6Zdm8wFzTY3CbyTWlDOBFLdYGgJgDsq1jiYwJmoFzP1hiR4TFvfi%2FulcLwz3myN0B4IJpvUlgdmKPMkVv%2BdiCfTln41itJtHDIheT3Hc2IYNpXySF4fVjE31NBB%2ByAijHQIXaF4zOETVSDMgHsAe%2F6W9xnmfjvVyO%2FU7%2F1KID4Gj9JefAVg%2FDN89HVhThClsSumZ%2FfLNLv60rIgLh1GLEGudaRFo%2BvazE0L0NP0yAfBJpxFiYs1jRD0sU4YLrqK%2F3NE8X6krs1K0ALMYr9jv
61,优衣库在华业绩下滑,55.7万阅读 | @南方日报,/l?e=a2b1C0q2jt2ajXFMeSNr0w61hlYl18ZnKQuljQkaiiF3X%2FF9yeJwBg4xW%2FUOazQphQVSzvdmAyAJoeC2El%2FH55k3DeuFJCcswcnTO6vILC%2Bt93V5iis1h60h3c58myzOkL0MxerTiXgRRVsbF%2Bk9eMqg9N0mMQQ9HzioK1kiuX%2BsNSOTd2XlrcH3IO4SLI1%2FugL7q%2FhLdPP1bKg%2BdLKqsSBEJ0DqY1s%2B00tXUKiTZrhOcoaW07rhKQJ0xlSdmnZLGK9Q7uJECPPPolk%2ByOJaxOO52S2GomWJk2JSITGMLoVQZtYxkTrE2HjU
62,2025杂志超全订阅攻略,,/l?e=f848eBc3cff0%2FPUQ525%2FIprQFptK%2F3qpnqiN69j%2FPR4g7c%2FbMhTeLzzbYQwjph25ezaeqJOSmX7bppqc0ucHYA%2BfKWVSBBHMHvka7IpvO4dE0L3QFFFccnvI%2BMwWAXyMl%2B1yr0J7IDOX7nhOU6Ct0Nl%2FmkT21WOk1V1IywqIx3IQYDthreME4Gh4cQoLkcEwdsRl7Adbo5QjSKc9KlHrg8YLYxw7N7ueYPdrSXXntO79hduol2fC%2FW1T9gXy%2Ff%2FoDFCJTcvinp8tw3%2FWzOTWApUrYtNhMMsglVwFXlLedQ
63,一年一度晒家大赛,,/l?e=46cdtRkGPzmrYGkX0mVaANl%2BGirNHHii56g4XjUJSKDLD8I%2BCEGxHlWNeQq6s0tH1ef%2F5zXwbuOY4eETTAPrW5Qe6YtyUKNabFrShVf%2BjzHvpnZA3poZ%2BAAfurnxnHWwkfN1ubVrnHDi2%2FSm7dd0le1ld%2FodjlyMIUddQZeSKP4OJQYDYKLTDqQf8oH8LjXcSrwn8JyheVCy2%2Fa%2FSyVSfp3PzN%2BA1EWN3LBm%2FpsXVcvmSSg2Gtdhzy1Az2gGstk%2BbEcf4TCBSRsg5UAfvBXGsn3lhtjFiYbWaAKV
64,A股三大指数11月收红,40.9万,/l?e=f3fb1ohpUWXD4tUJoE16CLd9ZuJOkxTfAZweua2F09CyDAkNJjzthdVp1Ry2BJyDhEXUk2qb6vMJGR54ZTVL0nBIhkRu3x5zqSOdNm80QT4DGEPzxHN2ts1mBASVPMT7cCOpc%2FNXm8%2F9qL5DkRsnpAaXjZObr7Idk%2F2JVfZfvscalnZIdAMdn%2Bd%2BG5L88yKAuzuZf6Dh3M0prOclU1m1cGNAaK6%2FmMau6V%2BdfEe5WhWnFqxITR3zn6%2Fe3wxCIPMkkcrWooeCiK3%2BBJLMlPHnMm%2Fyt1fz1839DsN8LhDx
65,澳网亚太区外卡赛,11.0万,/l?e=e38aB%2F0fs3h5B0h%2B3Jg7WLgxC9PWnlaRMJsgjovyvm177bse0eK7LaQJZ2FtxuKr%2B6hgxnXYqrFaRlNs6e8Kk%2FsY5JmWp6OVnVKMTpZS%2BhYrd2qxBRzjZMjkiRBOkfDyYlA9jOk00AIqDNR2H9jlboZ4z9XsYF%2BbUSiyQhLrenGirqNYahP8SEms5eBe4QG70uVErbY%2By32cbnXxxjqpnSjSsP3hLfptm2LHKVo7SNuQ9bsk44F840FF5x1CoWkUQVgPRqtsD3xQsYT0oPk9ZO7Anx%2FpcNkIHjHG
66,龚俊城市雨夜撑伞照,23.8万,/l?e=f5a45nziZvgJUPgtJ8Lwaz2P7Dju%2BeNBNvVnH5FQk%2FvgW60xVk93zoqgXg9L%2FN7HdiTBvbzg1KJ1OLyu%2B7EPMMdFeIxWBWk3MhYzU5mR16GJpYlT5BiTy9nxTsmo1TK2z7M%2FI6xJ1s%2BVfzRRmiBkydZV1iQ%2B7Hwz7Yib2TnU4R1OFdUrUGbJa3u8GQgK3Ou%2B4uSF0jShpJuG8HjS8GY5zXcupR8HIAgm3qCsks9YPHmwW%2FkCh6pFIVNaZBVnvrytV9frLEgS4FYIBIQT20R6d0YqrZtCZZhwSZvyfX0NsKDT0hutog9vRP9X
67,郑思维说我在杭州等你,17.4万,/l?e=23dePfM8KUkpOlT3acFcqeUU4wRSbSXz%2BR0z8COutKLWgVlSQiNXiLdeEoJBCksqAHpUteVVj5UNzr%2BjeL1usKKOW1V0dWwynetpEVNsORzn8eR6qcokey9SkldCnm6IitKwHnwZEjzeHaBwgwjuZHK8Puppz%2Bjo%2Bi4GCilAIgw8%2FbQm%2FdfMPKAGYe%2BQiRzgqHvHdV1KP5FGtUWPHaH9q3e8HgSOXXhtyPFzJ7CW2lZXv5BzvWQ7cbiI3aEVqcFZbTQocOM7%2BHMyJC7pengdzPjXK5kDlxfSxtAI8hVvuVGavURAOyuAbzvAQVa0ZRd8K%2BLYvNU2CIjH
68,林允滑雪妆,20.6万,/l?e=3c91di1H%2BHDwodD9E0A9RP5117wBlbI82T2JfHiA399LbahuEX37VhTljhoAo5RT7lKrh376aUyvzvRGrcGhfdF6bygCvFSf8nsMhSzqbe26%2FQu3bxwD6Gn9kGEFZzvUAwrc%2FzhxAPA7xPC5D2yQd%2FNt7yGsczbK55JSEw7iNciDfxCTP3ej8f%2BEWtw%2FI0y9LXI5UqIc7v605J5W9CugzWgjndBhnSE3qU%2B2g8fl
69,侵华日军日记曝光南京大屠杀新证,124.5万阅读 | @扬子晚报,/l?e=e854nDJX5%2F6yfODsa1E125l4LH6Ih4X%2BHRPpSUGbh6vujk%2FuqXBLCk2TxH4NYqm5on2HpYVKAa22USSz7ptx4tIlogS5xgVUoUo2sMjlKyXZm%2FLDs7KMPaA%2BOSna0h4opUIOl%2FxQKDJcq4Oh3AfNB0aTpqwLQqMF9ioKVeyEX5k5GY2Cw3oKwmIQOqlroVncONfhshnaO0fYvYJtE2m2cnp1ebJxxi2nAgoIxbzVi2HTDmAafU4rfRoZbqjAEk1ChLAmj41Cbw1NC0W5y2%2BPeroeLBDbo1C5oPTNtnxsKJpsiGjPzNOqqPu91b1JIgZJ%2FqH5Bx54CuttdWl3fyqhNP9q9Ta64v%2F7VxxwjBDUTfUbX79vvURzxNJ3Ow2xRTuDZE3P%2B9O6Xw%2Bc75MBeYWS5vpNcTqJfS6KAEjFkYSovasRgGpO
70,国产剧奇葩婆婆又出新款了,剧集 133301,/l?e=7169Nn%2BRpV5tfVBEavNUg2%2Fa4hy8eKjnrfI3XtF68dNJCSkAlktZbcm9M8ocaE39hYoKb1Gb5zFpfytlqlt9tr0bU4oiqIUIbgMWnzyG7y%2F2JB2s2yv7L6zrAsr%2FxflR8tVoJb14ZCFjmaG3tPh2EmytJgF8TzGsKWKgV3WRFdcyPwDSH3j%2F6ejfJiGXxjU7byQf2Vz4zy21k1lj6LVdivqfHD80iKvMG49SL0yvkov6Ko9pkaNwVAb2jfTgSkXSp3CWc0GQMyWQ4xICGnLc5NyERCdb1K%2FKDlubj5d%2FsWanr%2FdYdlN4Ub63f%2B1a%2BeB5CQczDUOPkkfVXixpAZMm7OK9wjkapToWZQU9YNwjuvqy2s82OEwK
71,为什么刑侦剧多在东北拍,16.9万,/l?e=410ee5YQFBCqua%2BtH%2FpbIDGlE8xmLleLn3ESxV8m4m8cGN3zX0RuuV4UZTByNIE75LADdhiOPHcTG9gcqcpWEH7Ss3iYn0QwXFce07vApuT5%2BI2D%2FNqWvqOEnXlD8ZJvhB3y4C8iZapW0YM7TzoJjtzVAgxGEylLBsO%2BaHll0WgSwagirII%2Fw2f%2FAG4QSEMBA0LsDFrYqb0IBkjXNikKTYGH5mxRZ4sQfz3Ulkrch6dYMzck8tqxoEHVzdwRLhWK3LgC3WfqUJnADQap7RaGkYEHJSHS%2FthUpIe8BTW%2FAl%2FybGygzwUJEwXdZ%2BfDfCgOmOqsDxzqvxs7%2B79XCWA%2BjWztCIrRPznn
72,周密把周芯竹买话筒的钱转给她了,20.9万,/l?e=044dViGWsJ3upMVO5tXq9Y5CX%2BWfRqz%2BM1z71q43D8x21k0RVGq%2Bu27MJG8ANl6gHtw4RkdksdJPl%2FbDgmWHF8Y0oebnJEY1Z6kae6UQHc%2FIsd60BDVbhZvqjCFrjtq3LRlaFYWOE2ArmXGmfbsZ2EnTWKkMD5cXOoBf4vdI5mcU1KJDhgbfn0PXoL47iEIiN0V1CCjm%2FBLv3JVZGDMGNIkIr4Wr2mjr1mAmBvuc1iSz43cFGUyBwO3b07HToqeKeF9MYq37%2Fss24MQnbtD6N75SRWORlOJvOEJLneJU0%2FuDpLhjOORvIVhgTPAgkzZ33YLikZILEM5xZET7WXHC%2FgVKEYULmjyf2WTQl%2FDMCzs%2BXqiNTJ8ADQEclOcbRqoOwHkbtO0ZVfCf8T%2FYYeIzGRO2Ub2Z0ZN%2BLx9AAwMc0en1pyID
73,贺峻霖一路繁花数箱子,综艺 132683,/l?e=1beaQVCEKuopN2R15ZtnxG0UY9i0MwyVybofp9XsCOlWR%2BJgP0XcXkmBRWFppvnIc3XcEczu8zCQdJJp8CUzwtnNwkSm7YTHzmMv%2FwPBaKuUReenwWsk2s2QJ3g8zmRT2EjEzcR8owye%2Bsrhap9fim5K9ipnNKglxiUd8PR8uWyad6Ows9l942xxVUC16dqKWZWVtRuvIp8Zn%2BE%2F6xrzhCX5Tb3OZUGtyCpVLOPq30fdJuPzY2kM7Ti1wOyCPKq%2BBjMLwZXVCohf0h2AkFwha0%2BPqnhAjQdb4tmQbupSaNzi8iyn5lr5%2FJ6z0sIDHah4WtxE1rVAG%2F6K
74,女子在中医诊所遭性侵医生被刑拘,18.8万,/l?e=cbe4S7SeJLfCSWylbyVRx9l5VsFL5upjqTmktQxo3CEy4iBop2P5ifVsunmhcfazXqSKHdHmXYoQhTvVlRhLDi%2F5mv8UfN7YPaf1KZm3UxKxX2qTIwqp5XwcZS5Zy3v7Qrmtfgg0he1aJrCvQv1AU1RnrYGf1nJzAwCYAEm3ksoPPXzTg3Gvs5R263wXCE%2Bt2xLgs9FQgG4yBi9UMqVRnpw5LGYhbJ2%2ByVJi%2Bp3nipXWh28Kb3MyknuYiaOKuJV94PuAJNg%2BvNhlsbQ1x%2BWCPWFSl6MgMadGEO8nwdXIqP8g%2FLuYY2VI%2BQyILjwIe5ZFz2Ai13FKmyoLGEmGNBPO3TxK9zBMYz1iWiMlce9KQ%2BCGJDraT86rkW3gTO10Li6c52gm%2FD67g8h2iCE69LtBYyklknFbv8YaPTKnyzzABhRf7r9f
75,印政府还在用被封杀4年的中国APP,306.0万阅读 | @观察者网,/l?e=2ddaeZbIqPXgbFs4Iu06oVLnVtdo%2FGe%2Ffp%2Fj9QSnH2ZKqKCUXppIBNS0%2BIFiWIZINxR8EotMiVckLHN6MhTUbOdrQybG387PaqsCMe5HGYtOK67m%2FLr2vDQXcSOvnZYzYjOezhAnk6tacB3zx3EPzxHwh0Vd44xqQX9XX2%2Fl4ZDZMVIjTs1HqnOe3oEHlaaMAL%2FSmyj0Tu2azIW1m809IrXNSokch1j%2FuIuY%2BnSF3EoxutbBoPvreTlWBQlA3iC5x1tnvX8bjMwzneXSJf7W4USCILzmcE9Q3hLhFeBMkEBXeSXESlgiwmNf%2BoA5NquMs3Hjnh32s0SjLaQAS3a7wqnIuarpS%2FhqCMWVsCMukbZctP1gHujn7iroCdV7HERGOhwxus130NT3Gg
76,韩安冉称do脸模板是赵露思,76.2万,/l?e=f2d5JFNZvul5elK8gjKxVzF01e3h29MahBZcA%2B7Y3yak4rIfFubLPg1gYAzdjhqNGmznrZ87BVHWxKnFdWivkQQgKgENYLQ%2BzEmH0UY4xTtnCZrC37tKWMsBSkKchum2FDJ%2F6ZdkRIYku%2F01QGdhjg%2BnTRhI%2FUtrF9EINs9HFBohHo2KLcCldU4PohV%2BsA9zyMRS1noSc1gK25gNRjTQcfHw3VXZplNTivD0n2661rhsXzlZzNTpzsn1cye8cNAFIwpWDgymODj%2FT34nwjvFLgk4vv%2FyHileoBDUyNxZXCpWwQ058i%2FxkZWPq5w1fdqJbXoaVjGHSPdblXxtI7WDZQ%2B7tnBMJNAiUZE
77,王曼昱助力亚冬会,28.0万,/l?e=fd11fyYhHVJ11dSxgcAhc46T9KlBwP%2FXA1QPYeD0xbVgteyNBJ%2B0gFcBUAXYlpMGKMAahzXeaca4xM3WCUvW96Rxb%2FK8%2FrYGbkAkmFshxBfU0S6lXnITeL20lcKau%2BKVVqJVIjpfHh7Y%2B0s5MHJzbgMLBDGZw5W9GvBWtLWBcmHNToVS3niT31mcoGOq%2B4EI5brgVv%2BbwPdisgO3zMYgRAnyDBdwOAVjJ3Dpe3iUs3Wn34GnpfKen8GZ9%2BdwzJObO19YnX8kfs499xhHQHxKye1jclTiwtgOUbS%2F
78,小鬼拍到本智性恋心趴上了,29.7万,/l?e=3712lsXtcVPLkXrCyzLG5G3xy8ktoQPqlkV%2Fx7ipKGlaTNZQIaxPyvrvyQvDk0QWp46fEtoEip6Ex78xdpwnp%2F21t7%2FZZhi02O09ZxXVw1ThgzXTgV1t1YoWHLwZxVv%2FIRU8uTmAvqDcMcaKm%2FnWFgN9L%2BtGhjpjOpKC7RW5VQNDWO5TJHxRYvnDqs6wtPxkArxREkT9pNh3GYC9HWIBW5oc1BPp44yuKgpCZmkPwxdArsOT%2Bo%2FSPxyK658sl4P6Bb%2FpkpsRK7bcbyC77z%2BorYhhROhUdmizYpatFYrCxwZOUGJrMRrSeBRrqQ9q3CBtOkcpgDL4DvhRvS5Itgy3rxT1fNgSF7mehxCp1QvUtrtYDVbK4Qwe
79,外交部回应优衣库不用新疆棉,1388.1万阅读 | @国是直通车,/l?e=74b4yAbOpUfi9XgSTh3P6m7knGLyTTTJZI4KwwWjWXOYPgZEDuWbvcEuMR4KD8icf8vj%2BmvRwdYc5xJhz2YQES%2BceaJcAIDg7l%2FbfgqnVDH4zcBUr1eCRsiB7N9xBqov4B4CuwEaJtqdEX6BBxAeN5wsojExfrnvIRRR%2BC3OlhiKdyhPLRrT2aUXIKrQ1vn%2FyMNvuuqsLGeNEHxdXdb6G0fxuIgD5SIGRBtdT5SP8KMwgsn8WP8uEjoxUwUGo84g2ZH8hTxQQRz1gj0uvxRe0iVhBinwI7FhQlv7LcBv%2BvP2Y3cIc6LECum%2F0fXqtJMdZLECsRDqoPp49fWuWBwIkV5VbPMhe7KTSlvObT0%2FLMjiMW9MOO22A7Rc4%2FByyRKTFgzFWSZn
80,李昊 活在我MP3里的歌手,11.8万,/l?e=ceb9TFPImMoJLbEGN%2Fzhe4t1uOe77yeSugQREFVTvodkm865%2BAEz3D%2FcIboNULuP%2BzL0YoCvhoDnHdtN%2B0ZNEubdTl%2FtvcqFnCOc%2BObZuYxfxGwgs658zLW%2F6aDpa0LbrNsdbpnpaUdyQ5mMDxMbkm8dncGX07fPIrDQPuykpcMZHvKP%2B%2Bnip2QzLU%2F7op4pmS142vdukEZMkxGUOVyjLHnMDAy0ql1M%2F%2Frs2sFq6yCkHmD39TJzzWNNJeJUh5grUUZALcVsD98ldKzpiYX0zf1HXe73eFq2HZSBhU1tuja59SPJ12MohicpREnWnaSJ
81,导致胃癌的6个高危因素,2463.4万阅读 | @人民日报,/l?e=46a2xyk9hDhBZOfcwk%2BvcTLdU7q6WmFrY7Z7RTuezpCbTf9fPTgx5NFCvw8%2FhjxKsjRmhJ8jAhwUrjepN6OpGLIa0E7ToiM%2Btnu1XclGn42eZ3SocoepLSDxeVv1OvQZMBRuWaZCiqpCp1e5FzDVXvPxCVWO0PlFGrKARGW%2BoQo%2FKu7usLG%2BWnQFr1dA3i8gaIfpz7OcW2xyumGDcKc%2F4DuCS3Tgiahq1Y8mEyVf3GHxO%2FxcK5oC3By2k8E%2FsZ6%2BoZWkz65OFT6ERpmHx1KWDngkedpCegMUBx6wLG97S8%2BfhYfquxKGoMow7q%2FP4chSU7n6Dw12usLkbA
82,扎根中国大地赓续中华文脉厚植学术根基,,/l?e=b242baqTXFcszwCteff2uQDw62QIb%2FZ%2FTgoQRnV%2BcBLBhb1pQjPDguWk%2FaV1%2FnLqEIS9N8C%2BxOsbfsRh%2BWriG3AL9bZubYBk7dHDRhj9%2FVjSZM5%2B3kL20%2FNNDRF5nJFtBc0fkdMsXehI5pcZZwzxJW4dW1iBP9gT8S8cwRDM760ui%2FVsxIWALC8c2Qun%2BBS5tmv6e3E8Y3gJau4Ik6BzT9Vphc8pvcmjLrWCtMZAOPJ%2FDmIagbsayHlFUFpZ6FyB3JLKddjHuwKK%2BWTWI9pDRBgwIeJd11JgU9Q4ht7gFJl2lxtpoDK30ZsOIv%2BhtblZP1ENS%2FJjzs5BXGg5y4X9%2FmhO10QtJHYXedr9pyJJd7hLSbKCCbYX5ZOhzEt3fRGZA3nc9lRziSbbgI%2F0IYKsqPWQZA8JnDE24eaG688T9Cxk77xjN2PIobn%2F2uLOoqaSgR55f3hDqvrJ6yv9dsxJmXOJyddNS0KgtQ3FHcrFgTZ5
83,猎捕野猪为什么这么难,201.1万阅读 | @新京报,/l?e=a85568YF4k7LMsB7QSvIqrQVIFhelkTkCllM5ri9yY6kUn4O7h5%2F9gho4lH%2Btu8%2Bqoce%2Fa8NWGp5nC%2BGybsWKVk1q0NStbihLredVMv%2BHvdytVj7I%2B%2FFD3LSvqTsk3nkh7cS2Sw0EcTLHWtyhBo%2F0WLwEYVHnLijdPUk7E1UkfBp%2BihOwndqDj0gwMeCayCzuZn4w%2B2fma8MkDUHVz6%2FDIsRDZPQ0bBOUqWDizt%2B%2FJTns%2FRoZE%2BePAzaJaCmqxr68dmbscPGTl6kIKPnYNTK5P8kLZQK92us03wbpg%2BtzUPxRTiL%2BmTXMFdbX3XtFRLtajXnrfWlBdzI
84,人民网评白夜破晓,31.4万,/l?e=2131kAUbFpRgAns62r3EBZpIinbNI3auOSMHBwydJz8%2BRPb%2B9tkSSy00dbDcxG5KXAH4D2VaiBddC9j8P4KKD0wWWpUAvOwhfTkSexA1p3OSsnWBVoi%2BWTSE6Y988Q7o%2BXi%2FLxyI7xbRPqmZHLWtjorSqonE7TuYBOxRYf90Zf0eZwGZ66Tr4d8vMZcH8p9qav2NwEvQRVX53aEA7I%2F7ZKclmsui9xkfI6EOI%2FAznU4iHdEYi2%2FlSBVQXmFjLv4Ui%2FQEryvlVbyQ0rpFjGyl%2FpYGW7S3A6cdbk56
85,春晚官博回复檀健次春晚相关,晚会 888700,/l?e=fa37yZZFPvwlguA%2B2SDkhoWbuPN2yU7micc7HkHxhhVfs8xNvdnL9TAtzOdPd9c45Wh3kgQm%2FUPRPjdfmjwLy7%2ByDNrVs5fVd7lESIw%2Bh890FRIFY9wOFiJdCBVDIDmZ0HAw5AU4bbRVN9IihB7ua%2FBnFYLzSG3VqkTxBdmV51UJGejjKpNxVo7aeoUi40sZoNaIsAkl3XlA1%2FJjsszfMxzkFDwGQvgf5hptQbmBTkhBe6Q%2FtYI5b6rwWweIdn9ur1AH128DMGo8iWWxUJnjJgv%2FvJaQUsulT0d9c3qWhGLQ%2FEUZT72OMW%2Fifx%2FBW5IBk%2BuE8quj7QxQHQuhzXJoEwljFH%2FLWs7Bcupo%2F%2BerpAuaOXPQH6LwixQGnXj%2F0ShvQenBAxA7
86,悬疑片的反转应该这么拍,24.3万,/l?e=5cafIYXN7Vvw0ed8qWC%2FmqlKlh9pnoy1%2Btsspu7GuM42I1i3aLD6OSNW31UnKvu%2B1Tyiq07xZPIs8VGiqGBaKdQK2pdGOKtneKu0WRUIulsraYO8J500cmwHWr9RWi9dvS%2FM%2BT1xPB%2BFK%2Fixv74c63dkq%2F4MnIgCLBjEK0lVwjsL0o2hSYLog7oQIZmXFC1xtd50l9blGJuUXDZBP9LZHazaD3WfsLRbYD0bsoTfWVop6LQZbZkzsVurH9oXtkPg8c2j4oNuayyvX05350q%2F3z%2BveRgTIFN1%2FlFjlY01A9078GkBsdCJWFvE0Y7fIt0YnQXBUqW%2BnM9jqH7zNFupJ9EXIu37lgBx
87,Baolan晒传奇杯四强队长合照,21.8万,/l?e=4891q1lceRYXp1sZv114PjMuZ7aY%2B30EsrE5KP7X1zY3C5NjD15kN5VQP7nzbkWMQ54yBNaQe%2BwULWOQS6I09IJCa2mw27eDpoG1Y9An3S13lxIvPqVyd9yWIDEhtzFJUBXjRMKDN%2Fk8OzNkYkbw58OgMsz1qlmyKcaHajm5NMWs4nRsZ9MasHHw4kE0p07c5t98GlyIvip6yc%2BkdjL7qxN2C9%2FqYER%2BJuNokyXLf037yZXKCnA%2FeNgOVNJaccXVjrJpV72H4x955OwbX2X3UrG9VXYw33IQqPiyjwO7aUWP5bzYZTSKj%2F4rNSi1M%2FU78L3%2FojgvPvIdKsX9Lrt%2F
88,小鬼王琳凯风尚志十一月music刊封面,13.5万,/l?e=a981nyJUf5BNo8JiTxM9HW%2FQX8TcKIr0sJ650%2B%2BgrO%2BxtRfb7FjE7kzOriXZZmJ7h4G%2BNH3ibHI0Q1As8hI8x5u53MmgzbE23SbcvYDBrj28qX53dCaKEdARdgtFjs0y6lrGtihex%2BTeo0NQrQ1S7bGNrQaBuG8Ih62hf2wp%2Ft%2FYB%2BHsAjwJxeo2cX3HJpUhVWnWXx%2Bt5UN46zcSQ6d8RaU6uRN3a2LY%2BacFfVwc0nNSOvFky2Wv7%2Ft4OZ2UcGV1ecs446ZxZb9AVKnSmnnp9sGLTVoacfZJc4zhmBNERbvRkGYpddMIf8kGUDI3BFhSnNujUlYf%2B%2FgUlOWNFA8F4uY0UkZRTWZDyihJbm2EeHsinlswaD0fE5UoydSVlgtlwLqBp3KTCbO%2Fj9m8qd009NttA%2F5ForCnPnE
89,金玟庭演唱玉氏夫人传OST,16.6万,/l?e=4a9fld1M9wEO3WoGpRbw54zNO3WK5i3mNdZ%2BT8b93hIyKsmjMRA2MtiEwX%2BrfzrYt8DbAckZ1hcbiB2yi1mSH6bbkOCj8jrTagbZXcMT44P%2F8fin4Zkw6TwMQRSKDdSPg%2F%2BPKA4BfQGM4O3XDWB%2B9P5PjCBffMJB6RroBgWKDzAkmkcra2WZUoYMrlwvjlMEqLrvXoKk3R%2FUYOpN6sYjiADRr3gTA0E7VFiK4qYKmPQjAw02ts%2Fgf5JV8NgCCMgjPDXV%2BEvo1gia4MpaGuXOPt5KEg%2BQRdZqL0%2BGGBNEHGKFVoUFGM68yP9ingUK5SGpNxKjMyc06u808N86
90,打游戏一直稳是什么体验,22.1万,/l?e=39616HKCejHSE2yAd%2FR29j8bsEN3uXukzFJF5j9RBV2ggD2nEq41u5%2FJfi9VATR65ok%2FZl6CgOzLifRvu%2BkfK%2FGixiGZURUwGha1JlqlBpkIfbQ7CrInefxaSGNWYtKEWMZiOwSuqZH11Nri%2BShqsirpsDz2y9KDzHIpR355aVT1G0Cd5nddgWLHv1%2BDUhYNvsn3ufdumThPOgvVUsZ%2BB3cKj0rLUNXIOyVJeDoNwrVcSh59CCXHmFl8aU1Pq1SwCzogsBaozBi9TqsmF%2BBzDobtfqn%2BO11%2ByhEfB0iCHMQkYFmHIrPdPGLi6SjBJE4EVrm9DdpFEo85TD5Ck4S1qC8MlhgbNX6k
91,儿媳控告公婆未经允许在客厅安监控,281.2万阅读 | @大参考,/l?e=11feaj30SSlkQ1krICxaJrv1DRTacOhKha8VW4E8T4RpNUAV2fJN9lvjmA3xBAs%2BId4sb5H4GaOp0cOOXsLlb3PH4Muv9iaGE9O3FBfJKHn7V3dZv8XKbk99%2FbWwlFK5vvc5Jxsc6NNNrhC%2BfBry0OrDIF%2Bl4N6CieJo1kRmPpGMVQqi7hZTnLux7rr9ig6UWf8%2FvQrUMtS%2FVB0NB2c30fOo7S2ZmZ8oqETAPfEM1nLmTql6m34skDkPVTopdmzdN%2F9WzPBhUk%2FYEBP8EXBE8at6H18je%2F0LzFhSkzfYYK%2FHl2jNKduSZ4zgA6nLQHLAlxtEbf4dXHy4elwv49HukUtNvCv710mseMi%2Bl72IV10sByXr7mRVdYOmqpnMJTWm8fJxbz8JlSqcRAFfLRlYTX7jQ5TXIAfGxlM%2BgKHz3sswkvSAh3qugniDBMZldG%2F0RVoC
92,蛇年春晚标识有什么寓意,700.0万阅读 | @央视网,/l?e=eb30JtBa2LFzgopwOlxYVL8K2q4M4xDtPqOfT3knK275AfGvxes8pofUUkAlg6mEfyetbHkSS1JFh8IkbwGhciYknoNQBIcS%2B7%2BqQIdQvzDi2ARKK8SQZYVXAvx9ftzOerfGZL%2BdIbYdQWuW5L6IgX2zajWEazm1JqE3tHTnGvllRiIUAgv9y4DUn92LLyKaXuvPbWR3YBFSr9NIuJF4OuWtXj2Hh5lraO%2B4PLSCrSGa7i2J%2F2uSYPWTkxLL7JNrLXWrfVflyEw%2FNu0lbAIoianQtYErqYO2WYuuOhLFOaFzQYraf9Lkq4iqTyx3VBXj9DmbvNFVRiwJsvt9Z904opkcMqRAz%2FIp
93,贺峻霖求旅行攻略,综艺 207666,/l?e=6ce2YiMF1OtTLja9LmoVeOlmsKkDcC43syhSbv0CJOjej3ffxdRObzQOvMXXi6%2BRejAEMiTRCF0dtUxrI2wKLS%2B0yOUE1%2BwsmGn4r%2F0EUsPm94JbGa89CrQk8rB8OYbPS5blSCV1pSBVFihO9fvrNHpvHX%2BA%2FY5OGUval2fNHQpMgkAuE%2BZh3fJTVzPtomXiJZS7bETH26BnBu9INaTxg6c5wE5oGWpmrlGGmFiYJYdZybMThcaQaOJW4CunHIQ%2Fzq%2BCpvvJZQ%2Bc3fqKf%2BjBAlvAvvr01nNZiGEC
94,一降温就流感的体质怎么破,23.5万,/l?e=b9161Ayjk2smT3WmNTfoyj7DxdyshA3PsYzqVoma4d61ANjAo8sWonvUIhaaOOdVyZsO%2B4kbsX2zmIhQ7oIBvg6SplB%2FsOKqUn7HewA8xKcWFqTpU%2FYfrWQRaEmhRFy%2BUOwidsyEcAebnFndGATFw%2FEYtIf8qx9UOLWloiaSAD9hLp6RnD0MQPxfBBBsaqhIaQODOb%2BepVc6jmaJvp2qEDprmTTph1iTn5lHlv1po%2BM2%2FEaHWwyY4n2H3BqtA5hTbkXqdwaDrd1rVfZcSi3WB3EvpVWmjzj5DUXw8hgeCgap%2B8Lpb2yAqitDj3rA2NIx5zrwirzUFgewPfVBy08JXs6rpVbn18lUivKHE6Hg5CvcnPPbYKB0
95,黑西装是杨洋的统治区,13.8万,/l?e=4e68bryuQsOP36f2amvG6KlRX25EXAnRvQrPOQw4PJ200RLfVqGsig%2FxSnM9ydUMk7yvPnAL4koVwlD2yQ%2FLpxm4SwRn8eKo8%2BK4Co28YCUHId48xphIsqK1DVRdrI9LQoNESnaCceS7Mr8zrbNMgwTkVvLdiADUWUqOxE7mJfv2Qt99D3jtQNiEkeujHzkrBHABJN6a9b8AuJfLKGbIkNVUE%2Bs7AbMLsT4zHoX2zEZT9rrPiViiSPGHcpiDBahvuogDJeXo4q6rc2s%2BqA%2B77bqIIzt0eE3dYphdDRVIHTobTOiBN%2FGraCRmMssDpedeE8uXMANH8Xs9
96,郑思维拥有7个世界冠军头衔,16.2万,/l?e=9b9eh6AHdQvUeae0Aunk8qGxZ7uuV4kB5%2BPO0%2FVwlvhlxRN8mB6twUlzZi6eKat51zK2aX46YbUNt4mBUXzIq74HXQOBA8rBp04lJXN7IcgCEgWsBaD7lH71AfXn9TfZbElzvBMjnK4BJj5Kxo2QEjxCjcBLy2SO1wlPGLkcN3Cthn8ZdIn8kXZOAfpzT85b2rs4J%2BXzN%2BjVHcsp5A0Sa0R%2FvD%2FMl86JHcxphmd%2BZ1JEUkflt9RUttksldLct2oPKl5BXKg8SsqwGyq1umfKZg3v6t1pSQ9SBagbdbdwWIibKoJE37Zej6Fe3uxw56Y4on7LC7VRPAe61p7UsvFgrxcpXoPfka11BTOBSF9WR1Tj3dAk2imDbQ
97,中俄第9次联合空中战略巡航,12.2万,/l?e=22fb2kUTsZVvvLwElcWq1U5DeY4pPXCNgFmeeQG3SKt79IqgCEt8hnuVm0p0woMVJ9YnWOsWHle25sty85QCPEhyMCH1IvkW5Bp27OWkGIZ8M7TR4s9bcuIUOrzVJ5dwPQuJkFdR0nBNxe6rRtE282PfxLUmLVOpSvkw3u1yR2lFEnkSJEnVbMOBjTuN3MNDYmsIuKzlkB56vp%2FvhKoq62UIEpeQDG0U7ABGYDnfJhQGjk%2BUfM4KM77SqcNRc3tP6Uv%2FitVvIYnfYDDCvMYDWeTqz1D19prGHV%2Bdbm0rGrIVC3ZkkQBJDp0NGea%2F2WCtXtIaksl9AF3mP89yVgCYKTD44m1QSPb1Vr1A%2FIp7e0DNkwgasIwm0Q
98,王勉 现在是个综艺咖,综艺 111890,/l?e=ede61hwi06zkdESS9weiVgGMF8BXe0WOnatqTQCQOpkaFzMYJWCsp4RI8cfZDaEILQW5xHhBn9%2ByXipGXoxH0qj5MrfRqDK%2BFDVhktqGJe6FjFpNMoV6Y3CAk4y0epLo2gUWoWQMF366UD1Fd%2Fe0kOhJZYfqknDzUJiGk2haSPGJDxR%2B3bgsIv%2BgyqPPgS5B4plTA0%2FT7HajqmlfU4TN6Jqi1VfQi5TqneTNmEJ7jkPJMoxI6W2fMwq1auZfhfxO6ESd5jcD6X7r5ATzvtgunWLvM77GHdtHnNYbYTqdhda2rFoTaqQ%2FxdC%2BSbMl
99,官方公布冷藏车厢内8人窒息死亡详情,401.5万阅读 | @新闻晨报,/l?e=ae3btXr4O%2BbW%2BKKb4Ane8wJYPBR3YodstTHvuu4uC58Q%2FDqj5cUSXmzZD59BkkDw7Kd2f6dF4nEGksd6nOH%2BGWC%2BKuVv8m2kEYgV0Ui40Ge2r2MMprJXEI3vQzVRUgujoSY3qROJkJzlsZqqJY%2FIPccsk1PvaqR4jZLDK1BucWH2lOQPPPwVypRsZ8MXnof3Z68oVZ6%2F%2B418GJf94lQ%2F6PSBHUduUqNdDUpV0ejVd%2BAqfyPA2A69JQ4eCli3DHl45mlRGnEevh7i1M%2B1fQTj32LYNMIJbUaeQumXwNMoyC0q3pthLlut%2BxeiyyhJlAEqPCvlfP5ss%2FQefZgWFwHoSmU%2BRY33wwp761SaNFvWbw%2BoLvzczGUTCRsdLsKnbukGZKRLTypXRd048uZ2GHgN8C630cPu%2B2bBOCxTOwG4rVAjLltkm1yjK%2B8MN%2BuWgUJZ7FZjZA
100,欢迎进入中女造饼时代,12.6万,/l?e=4fa03Z6omLgTK%2BqKwFFEASxCYwsLlRauklRxvW0pwqVvJgN2KfxCMDuviZ4z5iliq0XzSVFFRmp9Fa830Z%2FUWnXwhPZIb3lnHtZ9dYrseKUMIOWIeWO%2Br6wpt1nkxCqqmPrJI7USZ59pFIdjscWxIC5dQbXoGcHJmcfALfwmha0KzKAk97EyY5aazEs%2Fqg8YCzyRG3gyl8%2FoJwAz0%2F4NXht5LggeW6lPdMsxIjBAnkkYVXxkW%2Bfhfou5Om6uiU5wLlRdzTa9WnQh3RW9s6Df49v3GmuRcK7JsOfoBFAFb282x7psIKNqJu5DygCc2XQ7H9IcTqzjf6%2Bd
101,中国游客在马尔代夫潜水遭鲨鱼咬头,21.5万,/l?e=0a76e%2FEfnLwJrxQVXAkyd61ty5bqxSm7F%2FgF7HcI5nNB8P%2FTwO4iaZBx%2Fps2w6khRkpmQ5rJLxJavK24glrn2gEQYwBuQAmRiCEZUivUu3VWJJB%2F6PGAtHWtwfSbFXH7DMSUSKakB7VYBrCaNVvA%2FbCGB4WTGY9HwwZyTPmi2gXID%2Bxii%2F%2FzcmxeMeWwx%2B9CAXuhb1OSdjfu5S4VqtBNV5aOYQGl8t%2B1ctSn0QiZCQSfe3h%2FIzAO9KzyFVoy7pVWkHkXIoZ8gVE2fbds38rj95ecGONImnRLHT31pqvlebyR8UVd4NMKCxAWazQ4PExWuP4ixgH6HJuO2tp5iiyxZl0Ct7SAeG3SFmhbBeIYIWp%2BLwz3rz9jvy51UoZiVPtokrJqvUwYgEkE5%2F8IUqaeXGVxRXX65L8v%2FKjbT2gaUEwKW3Psn5m5nyrrXOIjHXDtYTeJ
102,侵华日军日记描述南京尸体如山,455.0万阅读 | @央视新闻,/l?e=c5b7nBFFVVz0E4EJtaMZOWBSASeEiSIK04iDrYFUU6eXtaEPMYOkUJSB9N%2BFUJZFfBBhxrjG90tPlgXwfll%2BBUu3SNgbf58f%2B1PTrZzzX%2B5iJthHwuVsZP6GulGKtMYDBva6csz1rWo665QqQ%2FTKAnUyqUoPwha6sUxz1cqVJMdk68PIGAzoC4guq4wzta1062Fd2GeNwRI9ScxKhEHZKSJsoPTSB6wnwQg4PnPR0UemHS23N4ClSYdsfuA%2FWBYiIGDi8abHDysQ6B%2BRRLHPTkgiombiKfDtei6Wq5Oj%2BT2apskBRCBTjWpJ%2BJ8VF2VKVMC5IFMOEp10Bvcm%2B7h3bZb9vrzt%2BPRIxYHMaMmAbVcM%2BTfGp2I4xYvrnRd5dCbJeHkTkiaPZNqWKhW%2F3p5Tdvq%2FqVQE
103,古巨基钻石败犬live首秀,演出 134988,/l?e=478fLjguEsd%2B2NEs50mRuKVFzyNkGV4p7V%2BQ90W%2FSztWufnMTngdPjpCoF%2FPe0obitUP%2BlYMYB7f6D1IuIzD6lfclwAHf6YHwYZt81k3WcfzfHEr0pAnUvL8ew3ooOu9MLRPxzR6duc6n3WyKnYwNX%2F1y6lrW8sAZaOxc8D9Rk6vbPrBvQk2LJoLgFurHaTJd6U8ZAofdpzh3tvTYpmOqcIjMVUA9Pkg1d%2FE%2Bko6Czgs4lkQrQ9yeE8vnwTlEz8a2ftA95LtnkaW4Ta3TIfsUeaGkgWFbFv5Poi3GJ4EpvHEs7MlGskIrHb3YWM9jg
104,巴黎世家售出8天后要顾客补1147元,66.9万,/l?e=6efdDSjVvdj8U47aK7Ti9jhngJ9VBo5gRBxtFj0IQ8UHRXT5XHugcFcLEEHRPXL%2FyU6exbFEZciBqm7sfey8jUQ8WXIQBAsZovHEX5bCRBcBIZjQfTh6%2BVch1UZYrxtQI6NTUTHHaqI3KIsJ6p8dTsxvfTsUkFjrmSOCWi7RjQbOr%2FthC%2B6p%2FaiZTsFUTdsQleKKS7xnVLpHfBveVc1FzJhNcjEKNXYCkFRLJgxjRxWRWKI3mRlS%2FPbFoEovY6i8U35L2EBfdJOo6Z2A190JiJyeZuqcx4bc458rjW6zKaQwscRbu38jQpbincJ%2FQpy5ZcFAE9Ep%2Fh1wvUYP2%2Bg%2FSFJH47msJZKwVmpcjN8QZbRdYjtIYbRLQK1D8eIPFXIjUaYLaENCfzLMC00
105,虞书欣丁禹兮意林少年版,剧集 137691,/l?e=15f1it3MUq7mCK07RgBfe6ESUye%2FQ2dZEAMp64kWuW1dt6zRXAjrkqIIK6wwxwJ3ef3tbrZdtaYfQ3KK%2FK0W20r6V1NwJ1PHDsv1XGvUgNmE0tXEC01%2BniCpLmq7XtjeuJVH34ISUKqJ3TQ1m8UB7v6PpbrI%2BUX2YphQgKWevrMi%2FAGi9iykWj5TlT2QQiLPriub1DhDYediNn05Er3GtmNp2g7YlwcMdzDNaCG8MwIR1wyKtXT%2FrSn4vmUWnNqXK%2FVfZOIUrDFbtlHncQS7J60NPQ4YVgnl2Vg4QnZYrYqoqXIsMcd3srK3npTXjWKa8N3UcA4L1COahVW4q9Z9ijHXNgkdXRwl
106,TES官宣Meiko离队,12.9万,/l?e=ddcbAUbdfCkt%2FvreRJJjbpTXFNStBe35G1OXdh136pTPwWZyNtqhT3vNfilhtZoo4GOk5hjc0qywSdMWx9sHrK9qGYQ2PDDVVm5uXkaR92UFOkVTH2pAuv2QjCplX0ZHqtEiUmJ4V6qG%2FpwFDFKVixXx%2F63gLb1Qm7v6XYRCa913ApZW59WAuXu1YzMB5ltfsORlnNc7eJOiKsLHRdJUk13TYlNDGv4
107,唐嫣灰紫发色,音乐 110851,/l?e=3aab6ZgbCzSowbXk20u9AdysCyW6JjiBZ23KkX7Nb2rDUIblFHUDV0dkw5u66N%2FxdtXJ%2Beh7EMKlNpUBQB05n3yZfkALgXADlCGYtqT%2Bwi8OF4Yj76wSZExkkkuAQ8WDZX8p0prvHCPwc2CMi37tbYLVLZMi%2BCS6AHaLRfUHcUfAXA9Z1jG7kiJKp3szZjYM28ZPdLu%2B8AojuBHjTk9NMm%2F%2F7PhA%2FG%2FlA9Fn3FNx1dzOGGEBqm3XvzuuS7zO
108,韩国人的精致穷,40.6万,/l?e=b7f5lFRCE%2BFEuSxqIA1DiJbXHmXEjZAxKAZDaxRZ0w4xAj63v56DxS3EFEE9IPluIDJgdRPvfIXQRJxq8I2HoftqPciCKitCJC%2FaylcSInCx%2BboLDBqRQL358ysphizcGR0%2BFYXA80tiifaZf1mHcy8s6Ccvbq9MAwFMG0Kqa6sITpKwI%2BxlsFoQLxlNooT73xdC%2BI0siZLvXJjUIR%2BghLTHlaSXEXgRJ7xELiHXD8NJjxEFqoHDeFKQG1I8GDr9ED6GSoqz5Jn%2BZlun
109,林一长沙活动取消,20.1万,/l?e=f968hyQeDjHW4NpUh9HgZDVHDZIfDw2yvi7XtimTcKsNF2kojK0xv9wQR53dRe%2BIrzPOPnPmGi8pGqsooaSNLYw8aI5LXAIOufAa58%2Fbg%2BqFcNDWyncMlC2zwQlTKTHGi6KSdf9wDVSjpD4YSifpLOrbWnV0wosbISFVkbGxjARygqehgAwnUwtVCkj0Ik8zQpv8yV5N4VRrY14BmA8Qk%2FfI8JIpI%2FNb3wL1fUT5R%2Fvp25T%2FrAVrQWtusY9cV2OUwKJTBznFkJyXd1txVRqgk9TNWnHcAWuSrGNq
110,年轻人买的水果半数是情感商品,14.2万,/l?e=f5baJCIuWGcVM37HjgXM6tZKuZPql8vsqCInG46W%2FagD826Fdwv0tz%2FxvtLK9tNOxly4dfNtwzr0N3O67PKG97cEPLHXgvA%2FfCcngBvD464v5oQIvEYHDOob6rIWkJCPN8e%2FC3oyY7ejLK2pPZmpkQrAQ5BPHX1JHAtAWD3N1XHPLRPL8fdUhPJit7R77XMJz%2FaDybWPLKZ8q4zTwLi5f6ukZBPqBS%2BsCJAxm6UzTv2%2By%2FTMIrEknohaN1EuxG47Wb64vFJmLqbfYMrOMI9duFPXa4muxREtqEwkHCdutTuuzxY%2FM7dRo0AOZMh7u5tOOsYVIb2g%2Fwbbg%2FPjF%2BNM9JjqcmY7s330xbxfdbDLgG7oGYmLyDgquKO7ZvpAByQbySDOu9Dtap2L0QDSE9tOeUdKUp9s
111,林一霸王茶姬活动,13.0万,/l?e=2190jNTZvqJdGFzJdrl5MLZZg4G97IrVi4oMlxwzFPynEGKZ4yXZl12c%2BITZlEDKtwYa1l8%2FmZlHEVnKAN%2FUZrhyPe0eY%2Fv1fzP%2FOa3JYxbpAURLiOP8NtWQ%2BHD5XVyf1Mgqy28WIbe7aFZSVw9g5vAzus5RDc6RtimWilQ%2FKJgRQwvumARCZpF3gq0%2B6pOSd47MHs8H%2Br2oE%2B4qENKuQs8uLxQrTwlADtAEMVTv594vkpLBRXLyY31dEWKRPzVh7CKyUqLDGOuRseD4Dy7LEPhP15AeBfmF1trR
112,侯明昊无处安放的手,11.7万,/l?e=eb27UzY6z%2FiBnk4DhqAgWSiVv%2BWbCu3wY9U%2BxNFxoGHOEawMNoPjsMWoL4SMZ64fLT2PWEKLgTvn1%2FepC%2BAHzatWVg%2Fgqz8wL%2F%2BG1JnmLYmCPHEogn73aSz8Ul5akMclANjlMFoYnWEXyVB9MLiF8NK3soRFL6TH7DjNePlFEOnIhv3Qn%2FPGeMQ3tC8i%2B6Z3ngYoqFnAEoJf74%2FpVH%2BOqdiqAo4zlYrQlOkjsYhR38f0MnMDFqA1xkNruwfBFE9WhTt2B3UprlkfWVOzolAstp%2FAykfV0KYquqtFaecAPH1NUWQH%2FKMv0Pb0
113,上海体博会真的太好逛了,12.5万,/l?e=28eaA2sAIvpc47t8OTltYkQdT09dEjbhncN3YT8kh%2BDfyB9ok1Z7CrIRUXrEWpKg2g3xR3dNBw5nNVab4LBI6kadH927xlstsTlqa4SWjPvTKTjgz3oPWCqQQZ1gv3ApkwT7sRFEO7qTp5Zw%2BLTO%2FnR%2BLS8kaAiTvezWuMR%2FFxC36%2F7LVGueficpZ3kI0jCu6l15pOC32x7HwIGAj8ChOchkbAhyeG2SdP7r9dcWstgQ6Fhsx03kMQBD9qTNTsbgsrJahb9z060a2tQcf5m2ld3TQCZfn2nrSnoJCj87l8JGZ0zVU%2FrM3qYncwKeCH7pk33LjZWcz%2FUstGMmhCy9xw%2Fpr5iSgive
114,容祖儿心淡全场大合唱,综艺 134258,/l?e=5249xWSm%2BzpnWVHEvjNhPGbZQEwrIOjis6AVt2WTKsPu5xKz8nuoVuIGYEo6SikEVraXoxkVuzXHViluhh3SbWAS3qTcN3IJOyYH7dS06cjZ6AwE3m%2FiWvPCjpTYGgXocmbtaQ79yoNuVBmZD5YZc0KwmC%2FvoynYshxwQYtKx%2BFVzXY8lO0398aLS0zvC96UYp591PxDaU9WtJ9eqhY7MuiqNY2HdjO9iDdIiWRZkNN5TMthm8S58qDVWaeupWe4AwxFEBKEXu5fFU3ojdaAgDEaxxiyJmOCnonByTqJPFAfIch%2FqV1Cj2a4r9VVrbEjftCX3db91iO0
115,王源头像P了个新帽子,17.3万,/l?e=58379TZvMGuuHwo38R4fEzx9q2zie1m52C1JuLPz3xQHBoh6znaVPTMY4KdduCY6d0PqhFfGzwoij%2Bz6r4VAzijASeD8mCRepyEbbKI3rW8%2BkqNM2GZ3ZteFFm0Ej1gbZDrBOcx2dh8yJ5ThPQToYK1u7hkVG5E%2B5VFAIjq8OBG5NK6Lt2aD7hUyxIMX%2BgbWCjHHhiPGQ75M9YBoCtQ4mppme7%2FzlbUrt74eBQz69n%2BBHCsODVmUq7p5ZDZIhCbPFUvvkk1xYtphrnyhWSn5kYR6d4wBOBlgy%2F515lwEAaOfeZaPP3BOZ9T5fg
116,再见爱人4第七期视频没了,综艺 334653,/l?e=ca474lUh%2FlRrOdvPiRdUX%2F3XzP8ECvQNfBU%2FyebVUCX%2FlOEesQkjP2%2FLvOgXhemRkml4JmdfFRH8eOjqf8mCeiKHFUYz%2BmjeEDTQUkIS7ZIoOxebzbfZ5NJlyU2VRf%2FvrRtJazpk9eR%2BN7OrkEZgsESi%2BtalNVNxl%2Bc3R4%2BTfr2TRyfyuVyH%2FMDQ4TcR61rlW8CCsUhRpFKyxOcbyBXup0TCqC0PWoFL2G9dRZMU%2FprT6gwRWRfYuJKhwe0UA0OyTX%2B49pmFRxAo4XSDjkKg32g7lEUUWQnzOUFHJfwZGTbDv6ld%2FY7pzAoCZPy0uiY0pfrg8dkeowTKgOc8kfJgPSyJnQf%2Bn4OFXg
117,优衣库创始人言论争议,19.0万,/l?e=b0fd0G3%2Bxk1gG%2F6WRCNz7BHRz63pMhMgxd%2F2sb6rbd0KxVrY7lGAOUnbwL%2F%2BMN8yFoBGpZ7d1YFDQOEig0xUXIOff3S0KI1jpjGedTVvPE7Ci%2B%2Fvde50hC783vKFvXMwDbUzdeUaRoalLd4Zp%2FUBYMUAKGxM6IdIKBSFpvsE0oxYimPY%2FRVHshGwCsZJrfEtkCj%2FLhstLPcs7eCdYbvhEDX6TOr5JauTA5Tcd2uUYezHZOj9xLY4gGPoSdfloNJTVDGSpTa0OfK2SlQYmhCxrTfFH%2FMQTd8FVxK9ORkwM%2FPwQryJ%2BSekHll2eLIQKEdAlj%2Fz%2FYzr3qCM
118,丁禹兮看人深情是因为六百度近视,综艺 132684,/l?e=fd0bt7tQF5hVsQ8%2BwG7QLQ7kxPAzErCPOumnQIGtw61%2FBCUSFNd2bdjN4rI1wnflXboN8c6pwgofOlXPgCquRtqbJNc8lrxFVaAArs1Tn80IuYK8Mhgrfbv%2F1ibHgX4m3yrn616tpONei0hUr7yPPEXkdPHsWQ%2F2mbJv6W9SCye81ITFWVr1l8iKN3urFXLrCmYRsVH%2FoVo6kTRc%2F15Us%2Bfz%2FqdASzx2qWTKg3iAlfHcTg4id0%2BmGJCFW4BRDRCxk5Tt6KGgJ%2FmnCOSeXFalBrfT5JglTY%2BzoHLb%2FgENM8aFROEkJePamam1THl6BL2QGOfDoy%2BUpkwfS9cGWNWrhr7X8%2Bn6GXPdGwgXZNaHE4KDOMbX2esdYWaZruxpfDvbulk%2Bdy3o5mmp4gwO%2BjSI%2BVsC24XyS9BOoTGrSIBM7E7TAia3
119,奥斯卡宁荣荣 新还珠格格,剧集 123615,/l?e=2facc6Ya5GKIU9Y8UDtLBy%2BIgjB%2FNpwspv7m%2BArL9NclKaLZJqmdxXc2vXmvzBU2rcJXO2lkpcAN3kYnP9PTgOIfdW805P5kQo060AFm6c0d%2Fg4k%2FlK1zM3pm59H0Swdh2gODG%2FlagfIraU%2FyHIKjl2Cje9HkBG5OIasyDY4X35Su19ZHETg3w8vYiyecsA0cJDtGgmRVBDjlsXHLs%2Fle3EpGZHbqCELORQVYW%2B3LJ%2F6U2ccqnf5uShI6dopxxh5Gq9BQps0heSd%2FV4UrcwmsTaQAkIuEOGbcMHd0DUBLUQwPH%2BsPyNMw01Ur%2BQqV6M36QW1zA10FFXfAR8B9azu9ifVrVC7G1TA7uB7
120,丁禹兮 包治百病,15.1万,/l?e=693fBmZ6kqCn2iHu73SeoOTsGTsQxRN7YdTiGZXMfF45Ar1xhrmXyHMUpAE9hsbuOYsqtX0JLbC57BZIWtCud3wLJotbHYGySY53TFMp6LoXIFWDlp%2FG%2BUqhzecEgRO0TeEmUgXJ3QFc5z%2FJk6wyRis1UP0jXUF7jpANvojTknkmB0DUnjvmn83Qft8DRNhIae%2Fj7d7iEXx1GVBgwhGCQ%2BuBfo4%2FQ0kujZVVE%2F5lWGeYXzJfHZFmR8vad7BRDGm12H2Zab9IeiOAH2xsKoH1
121,孩童被未拴绳狗咬21天主人未现身,297.3万阅读 | @百姓关注,/l?e=21fddMYZgLA1XDuAD9DO8HixeG0btHDhg9bux3GWxpLOvjYe%2F2lc9%2BJzpdyJysn3T8dgCk1Evz4Y0DM3E%2Fp0LHRwTOrNeLJBP9Ju6vdLYj3vGPaz3U1K8eZNfBhwm7j1ZlbhRMNxRQ0OR3GIbs59naXSaAfP2ZO%2F0d8pxDWqXE8YJxNOWbsNVCKZslWLU5k58W9RjOIvuVw27Xnz0IIqgSh2rWxYu%2BqAxNA60cSKSVJcajd4JeqoVOib%2BuPNnau%2BT1DwexEGH%2BNkSPdvuuGRj78hw4hT9zmG%2FLwvfodzhJdMdhASQdNmwDToftoSK2U4kAIlFYPyJ4MORqW9HAmKq87e%2FCcCfgWRMeW5fs0i3iA2%2FuiBXwEUu0gF92MTjmlLNVAhMu53e3%2FCwVJ8JYxicruhBw8woHk
122,MRC对战GW,13.3万,/l?e=4c57%2BtmZ2FtlJDIf9Rt2v31i6XXOCI4jURxGxwyZPwYWWRgxzCMt4xGn22d82iGa0%2Bjgu4EmPrarYo3k9dbfREdyti6bruMXMHXZw7oUe6O1Uga6RBV9FSfAraWxMguPwu7J9BVmIKzj%2FyGTwmf2Qxe3XAPNK1t8I93AHZ%2B7DZ%2F1Tff%2Bh90
123,有毛利兰陪伴的夏天和秋天,18.0万,/l?e=8c12TXpmAjRWvbZzvSqvPiZZH2r%2BYLeQ3pWwag0yEWxAUElRS2EgOUK2JE0i2PQppIIU5gYocCk6zO3wVKYSRHGcbjHsvsHy4%2Bl5WIjE2yzPhquVO85AzaUXH8NGjbFe4wEEfvr2FWvaxQVdkNCQNm3es8CyIphlE%2FmxpWt4q5Kky0o9QvukaSkfoLPQLtxqOpH5LBG6IH687mIvY3xEUy0Fv7XH8Y3gPcLxMu7lKZ19zzmUcMZSngMV5ZXOT4l4Ybw69galsi94V8l0E0uZvtZfDpkRqxFc%2F6cGz3LcFrH0yvdLCEyEevibU0Frc51Y3jUWbRBv1l54WLvIt%2FAu9%2BB5Ai9GQu%2F%2F3awUXOWF7nu2WU05kPPk
124,南宁一家长称15岁女儿孕期被砍伤,11.7万,/l?e=4165lRnO%2FX4JdGEtIYTUcCmOE9GIGvhFRFtfvxV5dbFm9ZWLB042CblPVC1AUD8EA2CZIh47ASYYbcibwNXYAxekbYaHycTGG1Q7myJtLCUnu9uXk5hJ5xzgZNX%2FltU1PNwxA%2FisHfVfwQCo7Qp%2FI3G4y48ABljwurQF%2FUxFKfT9b3rTs7sMrLSOGuSILWQwQs82FrffTKQYOzG%2FiiGKFswXueM9rl8AMVRZxP3p%2BSPxk92yKBGEv7SLvmhEiGo6dRkPzXFcp61IvkR3Z7FxpTndWLfgRAJ8wmEt1IAOnGjp5p56i%2F473zwvUXr0%2Fg%2BOLTPWSCpiTbxZEIhzsWOWckf6XV5dK%2FOPYHajvbfM6GNDNawZj%2FIKWzL8WI7cEjd7wvYTYnPlKea9V24BQgsIWzJFkjwKWhI
125,杨子黄圣依 人设,综艺 110717,/l?e=1de2wU87mEor70vrLfz%2BpUyJEsvx2qQQaJkXwY3GbjljEJB92ue9F42EymuC%2B0C8wUHuBhR5KuA23wGHGpMyMkJWStEETbpEaeKbvnVJWe589lemY5FvWShJX2y4FqKrzyQyBQB%2BiseH20GJHqVfzd9M9%2B9Ph5gv1vucNoEXOxOQ7i%2B6%2FEmJrN7GETtdIdqKCsNmwBQjKkbzhfvBLEkC%2B2EyJuNH5cqdrI0ZGac1hCfnX2iq4RmTX9JfA9RtIxGVUBimRKrTIiOGnqQQhZGH
126,张予曦 初生天使,剧集 127019,/l?e=a38cfb%2FFoe5PMKXtCKIWZtymAT5TxV1HVOsE3tC3feM23%2BpQfxhosIqTryFKPj%2F%2Bq5r8mqHIeVy7O2Imrq5Aw8DArjsP%2BUknEaIMJlxTl%2FtRZYX9GaXAroDQVcZ%2BzsrikO%2Fto1ncsgIutqweH7h32PAydI5X1fDMzpilCuZ9%2BDZkVTYQvaH8ouHavZhjgLgFMUvq9dYPusbtE9%2Bu1hvItZtjVwTvmQvK7GaWrskaxvmdSf7z%2BF5x%2BkCn%2BUemnkTlHqY9IUIHQ%2F4V%2BQKEZLa2
127,3人1分钟抢劫金店价值千万财物,15.1万,/l?e=b072ChBNQlCZhUwxlYmmYkBlkX9xHEwx%2FJRGcAIMgVHRaRFv2krxE2L4GjrCG3mbQwjv6uE86ts40oIuRb%2F%2Feg6K%2FeKs9bLPeBnJHJe4XpUom0I8bd7Eg%2B%2Bqi0iBmyEIbwgldmR35oY9kzQMlWVU8UZ5Z9lmjbgVNRJevv9ehlQAJex66YbsLsW9rI%2FOGd7jozJz5bttVCnp%2FP8hSfMZP9q2NqKA%2BKLGyoonAb2g5MMmecFHeZxzrbiDgtotE8yGioIBM6%2B3dLvbYmTjQRIVXXc7AO7HPQ0enLcgsPf0J%2BBfYo6Kau47NA002NQq9a2lulRMwg28Pg%2FUTJUZyo8svuV1d3mIcsdp5XJMFR%2F6yW43m2EaOaWBUVz8zUpEBJIQfbGEjLpv3F4
128,派出所回应山东一金店被抢,721.0万阅读 | @大象新闻,/l?e=1e4f4zrtEEFi1ZDaUjUtP%2FsWo0qLNnJpSs%2FSjuboPGANCIJXfdvrRDYc5axtPnyB%2FGtPB23xs1u3j%2FlRVcip1A4F4pLGHK1x1lThOwd1MDbwuZhXSJLA1TBIi41rHzlCaWZ%2Beu7Q6arxbDJ0jk%2BxOJHSYp0OrQGh9%2BKnngKGfDcpXO8iJjoVhBcDWE%2FMF5sGVtHR1uJOgt%2FHYJpdLOkOEmVqQBnKlEhHYmzhOD4EzAn7srEYM4gFBkmf%2FGsIWJlVgbm%2BUJ%2Bo%2FjIJHl5%2BElqLyJl8gB5%2FpVZ5VM4HEKBNcJ7uzCMoMEYjfv%2Bl2wCRZD%2Ff5AkNq4vEBq0Wwf57Bp9zFXcniS6iijjuv3IgxKLygN6OfgPunUu3
129,珠海户籍居民可一周去一次澳门,1021.5万阅读 | @珠海特区报,/l?e=dc505unhvH3NhrwiiOPaqJ7eGRk%2BtlyLz7TkkbSHmCoV2x%2BY92Veo0LGawmNI4V0ZWWiLtml3Qr03FASS0LBTGqx%2BtyC2tXlh2e4udu9zFF6fxsFluHXJ7NmpFjMwpuNvKqKMsLH1aZOT2I5KRJI4Jboj7YxCRcfyyk3Rr2DDKiSG2Euv0z4Vz1N3Lv3gSePNsvz7PsAYfKG4k6Q81iNJ0fkMfyYyfjxYRMQhdtrgcOHYFxA3Zh2%2BnMZPP%2FfVC8e5ATJ863tKwflPPnTAFmUlfgVmdQDyB5b3Xghj1GsT4RT7ScEo2YbNsZQ1ItJ6cr5Zn13ZWsNsulmx74bEFmexTV3jAGEIgu8bZF%2BM8faXt0TXzNuP5UvzBbIylxO5hKY4kwidV7dIiSy726Km0WYEfJrLH9b
130,蓝天救援队辟谣外卖小哥海上送外卖,,/l?e=cd3c8bq6VOapcVKwu90GqtV5yS92nebluEXX7xPJME4Q0KxmRsFqviEn2Ka%2FwgoSbTGjrtWOw4Mx0%2BKn33behEZUxl432pu1M6R%2FJLJXwjDSrih97WYSV%2BZzKcWzvYh5Pdtpn5UMv5cpB055d%2BrvOnf%2BWpglZBKpup7tXq6j17oColRJSlXkYTNZXycpOecRPZKlkSSokkrfeHFbnHuZOxkbztOo%2FkCvfK78In30JiL12gth8vhJBF3wpOAaneTHtW6BPtGal8CTofcLDgHZlPVX5xuj1y34Gr%2BtGzZf4MeeARhUm8JOclA4t4Tcl6jIaYxhkUDfnAsSbs7kGa2pJBAiy53icfVTRc8hzO1AzJLPDYgqLJ6vtw%2Fp4Cp4YXUZ7aTCEFTLe6ZmtDp2YUBxJH1UlZ%2FNZ7dSds9mJ8RB%2BHNML6guUzkSXvozoNAwPi8oaj%2Fk
131,卫兰她整晚在写信,综艺 136195,/l?e=50fdhqzp98%2Biic35f%2FxsaNI%2FHoZrAKoJSPg4y8w%2BqtwlcyvxmSJKd1cT42WKVl1Z2AnsAM74CM6Gt9j4xpSdPvyd%2B3rlxdI2QxgyOszH2ecUkl3o4EexFE5lLw269%2BY8hbOCv6CQwCCj4xuvHoG5cmQDjkiodbebHtHiOkPsXf57tbSvVr%2By687CpUlZXU%2FzCd3L3sNVeacILz2nAJVPDc4XWcksopfRmGNMwUj5na%2FpxUZIT7Pbjq2QDpSq51ygODs%2Bg3qgfFHMfZFYNUeCDRitU4yAKxgaFUoz
132,鹿晗好拽,37.6万,/l?e=b0a55fTqPqi7K8m3ih4GAT1XuAWVhA9gxmwnvpgvx1o2wsMgkziuQRDlTpWmZvRA0M0QPcw5Kiwqv5G1EtutK3f8p0a6l53TJlTzu1IE5s3VJb8KrUybwAYYACkP5idldogkujre4NF9xiH4F%2FKMUcv1f31xeB5V0z7oPBxCXDl2rMpLWvsWn5GMVg3ECZI1JRkAF1F3piZfqAL0ina4
133,108是法考生的幸运数,16.0万,/l?e=6578V5%2FpI8xRlztAAgjVpa48tqQKTIoL5eihrbS1e52ehd3G2%2BzKqP4TZqaKrTLvr5KCIARc6ljcPY6Q7opRGKmAgcV3BCk5opD2wipgtYMeTLWHcuZhJ%2Fyu9WTxgkVPhgcP4xwn%2FaHWgeswZoUXb6E4iQTlMdJRQk7VSpZ63i9yFKJUSROb8oq7ik0XtI3yhUanfvV8S8t0avCe3dOqKZMgoT%2BZGV%2B10%2FhdfioC09%2FSeffAnd9uWqG%2BgG1jQCHBltTcUzsmhsCAeLO8yEsOLjxQwN9wNR%2B%2Bm0e3wNsb
134,NewJeans解约发布会后首现身,16.5万,/l?e=285dk8oWCJ4q%2BXz9tBXFEh4joEf6ps7yHOkthuJw9Bkb4dyTUkHiOBGLspxuvJmIHCGQL6Fw%2BIMaNvwy4Y8rURNF0oZi3GgbNIw20nepkEf3sw00QCCW44RlsyvBxqrdGPwEhQ3PYeHK5DcUyVq8pB%2FgwMP7KxL5jOtjF5F6YlLmNf7iu3AilJVVqwcdVeApdGIyqtooc2QX9H8r0UnR3QN%2FVdtvEji7OIPJQOiKd%2BVnI3nOp8GmI18yG3ISSe5teDwG1mcBUWd3W2TP%2FbYbhiYlbxosP4RFhkxavu6zh%2B0RKOLl4vuZVD7YIc2OM2tD%2FrU
135,唐嫣COSMO文艺女主大片,16.5万,/l?e=c1a6z1R4sgB2glET2hrnyah2Dq3EbsENI9OsQh2Yf9%2FXP6yFBSn183%2BWi8B6g%2B8dUqm2PUWAlQqrMLoHtsORvStcktKm7c6wtKQq6g8IAXi4t1iKewlgXC8ScJABnq2e2kE7J1T%2FilpLqhcKuG%2B8ooAUgHzbMtVYKhV1%2BzQJRUo%2BGHCJbhcwCBHQ1BY75xTj4Qf0GeLiXpry6LirlL1H2s9jAUFbUT52Oqg8yY4V8ZN%2BwZdF%2FJURAlkRzBG0cJKo15IiihcqfSLFE4Nm51KSEP4GF3GqfUpNqoCxX9fQcYQ
136,何洁时隔十年再唱rap,综艺 181138,/l?e=61a8Z8lnkfH0bzg8OFiizOMywFad2ih1RMm%2BXYeCJVKtCEdaXgOfr0jeVaS8Utq5%2B5%2Bc9Bi7wnmcuxiT2u91dFBxDzos4qtmv2Zfqvnr%2Bq%2B9mQIInjnuCc2iAZ%2BEW0jOtxoqVkLnOgd5fLU0x7RWvgEv%2BOtjOTgyYJqx0tbUYuiEZhbfIbQkVCZpV92fAa7OD2m4lEnWJMVv1KsaCoZFwybZwJME2sKoSuKensW61X6HM6P5qJh3wwIPmHYeczQMPMYGlExy%2FsnsICSU2W6swMpGlmsKh0Rv1NW1FO8R
137,古巨基cue宋亚轩,19.6万,/l?e=e7b7QNhJHwE6jam4dgaHsLyz%2BUzF8Km21qvF0lwUZDe6kfnQTyJUItPLo8MIOUBmun1qS%2BSn%2B9ZmlG46WzepcbDvYBJOaGz40VKmvy3CdBXVTiFDTHAWk6kFQByzdl%2Fj5h0t9acUHepQt7ELvOVrJ%2FkAxN6qXyysfXPQwwSJlR9SAJOVIeJa7oytLkNSRDtNXSG7W3pJ9QlESPMy%2F1NSPSbDCLhZsxDVjD8CfIykFlY7rNX68U8ruJ5rJKjDna7w
138,WBG官宣Crisp离队,12.6万,/l?e=f15culyij%2BdANlpnLpcRnH3KoQKDrR7FW8vkeqUGI1aRSOfiTui2fNdyU2cjyJJaVUPPkmiwPdmmS1QHvlohgbjwu2Q2pl3kWJcnlG%2Fc1WPrlKWU2qBehXkIWwcjA%2BUSpka4Mw%2BLvrrJ7D8N3A%2BBbSBXR41uAQi9VB0hrOhkUMGt9GOgw9GcCgcr1mBvZTeXEngr%2BS4TsdyHJz%2FY2RjXjKV28dRk2J8
139,11点05分是郑思维进国家队时间,14.3万,/l?e=0870%2BYRlds62HNTi2EW26on5a0GDvozShwzHuWbR30RpGONAG4UwmKs91KJnZJzstXPM4vLmIdep8fOraJixxCwsMbsKtObvC8XxWR4pUDd5eFDw6vhcmdG7P5Zle9ZQj5bL0Z5xSOb6qlOztFLtmyvsQ9yCbXZ7zM1dpB%2BRHj600mXQNfFUJWVghg%2Ff%2BY%2FVswDeO6T0DTwlL%2FsAGt5vyImgXKun0FRRrlYOIx4Fokdm15cTC6DYmNSt1afUNCGyNGvgV%2BBOLORKFJk6I6ah3pSCc%2BaxErqrkgh%2Bgu514Gcytko%2BhIrGSGYzwqgsRV%2BBHwDV2oVzPuYOsxVRrqIzgWtobhuITTxNS3Pt8ITsHUtgRZZiU9bDJouZsA
140,黄雅琼回应郑思维退出国际赛场,30.2万,/l?e=26b0gjO%2BPxBsMrg5FfE2NLEou0YpzMiaHHonK%2FGMe5uQ8kDQfQnQXor8693m3PG2wA6mpdJeTg32OqSzZ600XhS9g0vaBd5xmBfxfW7DFVKCHig8T9CkxvXWskbwEOrz00Ok1pYg1xvpTGGNJEM7rArWZTAI2Cu0QK49BxtjA7cf2hWDUF%2BdklpXjJ78I8n8F4bmXw6Q6k%2FZfHBw1ZKvSiGWqbUgbszKCaTQmtwetBaOV4IC1Ju3GuJsNqSe2i%2B8SPe5wa6i3QjWbxxO%2FjkEZwihUjrO2b5MW5yIvK08gsTt%2FyoG5Ame0%2BSH4BJ4jl85WMmdlOObFzx4XOS8AH%2FSdq%2F6g4ivlvn0F9bRLJBjC5YrZ57nvaZX5Kl8szoyhgXn1VOuMrvKnhXJtfu3kUn0yWLtMMxh
141,中国奥委会祝郑思维一切顺利,15.6万,/l?e=50116K4n0fyEYKOH7Cr9mPPgdcd88fJUtbl4%2FpPWJyRhEVXwvCVQJ9XDPYvtnwjfate1yH6ThEOOTGNBW7viH%2B9wdwyy8jrOVLVfjsop3OYSixZnuJ9kFVRo0gwnys01bB0qCWfKUID97X%2FIERzHrCyVFkgfaFmeOFOJyt37E2oQReb%2FEobnRAPFiuWQOwxC63YaNXVphB%2FjZLs9Fz8zB9ztMnNLsY7dq7Yxq4bYY9Gv%2FWhTLrS5Z591oCt5i%2FHemc7yStWFgdNuvsN%2BcBpcteuLa1sbZlYqNnG4MzVvjFQKLpVKEdH23hrnMyrkFmolCibwhk2mrE6oZ6o46m6mjx9hW1qRdO9xVZMlUZIWhv1OMpaudck3jY%2BIqixMA5I65HxqJHal
142,陈少熙预言家,11.1万,/l?e=d19aAGCU2fn7Mp%2B4A0Xaw0QBiVZUVMED%2BV3LjWmErz1%2FL6dsfkTILkrRv%2B6Ns3MaCTnkhIOKT%2FTSwL33Q%2Bg9yKlT05Cjz6h97MefWAts75iU0x5q59mQ18igjtWIp2xKr7Bv3hQ8UGMvDxw9sKPMv6qCQClBZU74Wofvf18h0OW5uv6UE3leI%2BtCALUU9r943XpjmFd8KqWXp5nGMTAgBLfV3zFzar1K9K1oM2mvrLQAEystNGrHmsgZcFbt
143,羽绒行业人士谈生产内幕,1315.1万阅读 | @九派新闻,/l?e=f960e7mj0gKbVU4bl4OCaWW0LLn7PM51ZGTixWFLaUABad8li69pIjZeJWmLgFTHgTzkEcp3J48ZHrbpzzc59qFi3wIkarGo0uumw2kU20cMTjMcXW3TUZ6j%2BqIubdzMbX5PlhV%2BVgVTSA0LzANL%2FtSUm0K2YocgIme9d%2BsLMX920%2FV1YB2pNYwuRc%2F1cksPOY5F0eDJpVAHkAEaPslbtQSNO7XURK2NwGpQnOyToYieBt9k3CLvsRQF%2BzsFg0H0w6mZY%2FwFE7HZ1L2iwA%2F2mZ3YKFi9ft0ElzLXKZ%2FXnv68jZOF6GQuNG5nallA16V8QUQLM3h8tYIr%2BoLfdO4xL0R4sfYwkhOM
144,官方通报学校食堂吃出青虫蜗牛,511.9万阅读 | @新京报,/l?e=db36TlhM5UBv9UEpBv79KZ%2Bb2P5OawJy0%2Fi%2FjUQlORk8nU0MaGEAKQ4i%2BdP%2BZV9ZyZP9F%2FATEHWnXGWt7zVVpx9dWuR096FLY8rPQpRXx8gSFZp8uAha6qndeuIobgRqKIWFwsHZrRM8oDerNd4bIQamNVOUu6xXfM9Dr%2Bb%2F28deBhrxug6cpPXeo7G9sNaM0Trgg8O0M572YeCE7Bwwh4NSWe9Jr8eIVE8d5Hxsnx0z2j7LpjJEtgMtVZN11wId%2B%2BhbUhxUOx668FoePZp4hAv1OeHnZ5YSHKO0lpiQCNn4rzSrIMkNqENq8LozUyaXnFpiZwKO%2BhuRTdPjOzILqaZs44j3752OzxNLfaynQC8a%2F3XugZ5ARxNeflKlKZB0cmMcWS7shbBrdyQLI1OwRN5f8XnC
145,婚内婚外老婆情人饭局修罗场,剧集 116034,/l?e=231d2kC0Q2hobl1FOjCOgcR7sGVBAD3waBjedNq6T%2Bs97SAhg%2BQ7cf1PK2KoEcjti5FDK1c8mn6EiLRCsP4Gw8WJMPdJ8l8EmWuhkcv9pHVze3xGjuH2E8KloalcPnuOltoS25GMDQNqF5Zy6tSPT0sIU4VOkCxgx4C%2BmNM2o8mvSPDUpWji5khD6EByboyYHT0wuDV94bbzjdImWvQV8VUs5ZHzUnBJl78bWTi2g8LF5%2F6mNo37%2BBZVhqnAz%2FwCZPihH4zTwzGOIS6OdGrAN1NtIHBC%2FAIjBw4w1RMefQYLAzaVJjUi2SdSycr8p40NAets3MWKOnOXU5S7b8Kb417VLFyPNYXwV1d6%2FZ1%2Bci%2B8QY5LePLfF7IY9UfxNt7rgP3A%2FHWU
146,Puff和Langx和解,22.8万,/l?e=df82fAbADmWieUaaXXkrCu%2FSd3Wj1UXbZurXbudEuP07ckp%2FQsowpy1P6SkMWG4b6cK8op08eiSP7DX%2FgJP0s5jj9IpGSiW6eGn2Z8rCBQknrLKffSCcQCLPFa%2FGAaKvVWq9%2FdiQkkKbz%2FGRy8POoaB9V39Pcc6DVS3dioI37dQLFSnWaSI83wB5aXRdsFdbZQQNRFzaXqE8
147,国乒备战2024成都混团世界杯,12.8万,/l?e=3095UecsZXCQJ3aBheVRn65nYDSXj1TFWaldbRQ4U%2FxgwK24kYzh7uOWA7YFYMVJPYzt5GnCUHOvH%2BY7Pk2pSD%2Fc73xEcxVaUhyD7y%2FLwwwix%2F2QjcJMplBZpNEo37eUVIHfuJuxhcXVcUznAstN52akSaPHOV%2FGUeMFm4wOuwV%2BejgUiaPeySTPJ0THL3FnqtRwrEY%2BPNV42m6nXc8mpyamcFc4TdGTfOm8aEkHk6V1Fvj1ecN%2BUkW2CYnE2d4IZK%2BHPdD%2F8BtZmY7j6GI3zfRuf%2FN0Cuo%2FUfHFNkJmmh4mqNvjIIM%2BsgEo2cN9OrpptDj49VhGJ36m%2FNZ7vDfYNa7WmqY2L%2B7z%2B%2BT4Bw
148,苏新皓我记得那天阳光很好,22.6万,/l?e=fde08LoAGgQVzGoFIHBkrEDmvWn2d6%2BBnVfNtJ%2BmmQg5tpHbCBd8VfBvR1tQ5lvjavdm7bkxduTFfKAXiuzm2Lm21ifs9yZudUUo89NeEu6ODfuQ9O89vsdS4Wn3QmhzvM2QVES9QnSzReu6QxNWdyLnv8exTSAwlWh154ocqeteYRCFFNy4LDRuOd%2F2JgHJOwB3Dl%2FSLBMDHvsHf17oe8fXyDNTMswMdUs5ne54%2FhcDMr0fSlcoHHTNke88n7OA8rF2ud%2FQUz7xAsG8bEiaa%2F7%2BkIBOqIO3JPqvyKP%2Bhsp0%2B%2BUUCV%2Bu2gBgkNoF%2FKcUD8sVFVkWIo4%2FeehZRx99ae1LNhS%2BU%2Fc7uL7eh68pcKqtGZsDuY1Y
149,金泰亨单曲空降,音乐 168164,/l?e=3ebcj3k%2FPtp4JTqKkIREf0y6dVKVNccxGdnt1ViOSR8gqAWvlE8vxMWVhlkHrQeTP2RKmn57ng%2BKyfsOpxBMP72gzprRFhhW0v0JCsowirbg8NDXOY0lO1DfDv7rZpGfo0qtYpdCbrta1Dkk%2B8c2pDAxulN5vVXMS3pCzD1ii5d3YPCHLsHGFcWS6Eb%2Fkzt02FpspC5KOUckPv3ImAkq4iuQFnIQW4X2RhDZSk%2FZWoZRfdCHhch%2FssOS2VZSUvuSjHG%2FdeXpbBLRe7Ai
150,唐嫣粉发未来造型,16.1万,/l?e=789am6ba6Mc68LyjZWJf0pJ9h5Nch4AUsr8Ar3xT%2BrUKXHdd4vMee5UtwY3hFq9Mt3tlYrR8Zo1UbdsTrDtaKi90Suj5MrXLvE%2FibJqOzn4469HlFvuSoVvihZ%2BFEoUVB%2BCa4%2F7fStvv%2BKVMmaM6vHdsZ43sTJpRRPddRY03dMBjW4kIuBNsQqxvc%2Ft%2F6jpM0dvsQqY48TDQYYnIWevIGBE5x%2B787RpmNhggLQFuyUKoXagAKy55mVbinVyRDZ5Zoi1OLTuUqEO3fS0qqskR4Sh8b3T3ET4Agfk4
151,冯绍峰接想想放学回家,20.8万,/l?e=a447fcQlo7%2BsXwRDOCVJc3Jq5RRYpgiXythjNghs7YihAXStw%2B3CzL4OxiWm3Fxek85DXa0EPTTe75KlYMXB6KLjXWQhV2JBQa8SByyfDH%2BiznXHhT%2BkJDW%2FaKzSzhJNYpfU3c%2B9sseR82FYeFHq0w8nx69D95ScdxH5pztu0pqHo1BvDPB3EqCAZ8vMmSqZNYyEFXiHZcDd4ltrXV7W9MncWsQCN13SH4AWzPL7BSIkpx3SnqtCTYE7sBIUYB0G4GuEQg76gKuPU8cV8%2BfxKb6rIgxh6Cgb%2B3bMD%2FmItsiz3e72vTfM0EOKMLH%2BdqjXO7EkfvNI2ZPS
152,冲锋衣成顶流是靠什么征服年轻人,12.2万,/l?e=83dbfb2T9R23kbZUzswPvcwWBbohXHXYvLv162cysEdBsiaYjCaNibC0EH8w%2FUOshEjWIpW6kbHrH6hXWz4P2nc6ukh0jck55RL%2FWDmHaWChF0FCvUxkArXdvA4%2BtCU7iLJkFWAc%2FNLVjdLgO1WvixU1ksQZIY6MtWklg6gJSr1emesFiXZuD7NjsyL%2F%2Fnfd4ToihoXdewuflbawmfUuDqUjqT2ngcXiOIB9eafcR%2FfqOz3M33fF2f4j0p5sWVAEYbik7TzTfnDE9k0MhG5XHOUZmN6OqZK6vLUzeRDQoKUYsyPL8%2BRadfX1z85JjIWd76vS%2BPleupK2wLHmbXBKhpo8EkVGSd8nPz6PFBlAfiF%2BNdVV3H%2B%2FMAtAY41u62Nb7SuOW0L%2BMaNVPJnFvzWBd%2B2pXgBTsBWYHyX5qpb8D9bbUQvs
